period_end_date,revenue,cogs,gross_profit,sga,rnd,special_charges,other_opex,total_opex,operating_income,interest_income,interest_expense,net_interest_income_normal,other_nonoperating_income,pretax_income,income_tax,net_income_continuing,net_income_discontinued,income_allocated_to_minority_interest,other_income_statement_items,net_income,preferred_dividends,net_income_available_to_shareholders,eps_basic,eps_diluted,shares_basic,shares_diluted,da_income_statement_supplemental,cash_and_equiv,st_investments,receivables,inventories,other_current_assets,total_current_assets,equity_and_other_investments,ppe_gross,accumulated_depreciation,ppe_net,intangible_assets,goodwill,other_lt_assets,total_assets,accounts_payable,tax_payable,current_accrued_liabilities,st_debt,current_capital_leases,current_deferred_revenue,current_deferred_tax_liability,other_current_liabilities,total_current_liabilities,lt_debt,noncurrent_capital_leases,pension_liabilities,noncurrent_deferred_revenue,other_lt_liabilities,total_liabilities,common_stock,preferred_stock,retained_earnings,aoci,apic,treasury_stock,minority_interest_liability,other_equity,total_equity,total_liabilities_and_equity,total_noncurrent_assets,total_noncurrent_liabilities,cfo_net_income,cfo_da,cfo_receivables,cfo_inventory,cfo_prepaid_expenses,cfo_other_working_capital,cfo_change_in_working_capital,cfo_deferred_tax,cfo_stock_comp,cfo_other_noncash_items,cf_cfo,cfi_ppe_purchases,cfi_ppe_sales,cfi_ppe_net,cfi_acquisitions,cfi_divestitures,cfi_acquisitions_net,cfi_investment_purchases,cfi_investment_sales,cfi_investment_net,cfi_intangibles_net,cfi_other,cf_cfi,cff_common_stock_issued,cff_common_stock_repurchased,cff_common_stock_net,cff_pfd_net,cff_debt_net,cff_dividend_paid,cff_other,cf_cff,cf_forex,cf_net_change_in_cash,capex,cff_pfd_issued,cff_pfd_repurchased,cff_debt_issued,cff_debt_repaid,ebitda,fcf,income_tax_rate,nopat,book_value,tangible_book_value,roa,roe,roic,roic_legacy,roce,rotce,gross_margin,ebitda_margin,operating_margin,pretax_margin,net_income_margin,fcf_margin,assets_to_equity,equity_to_assets,debt_to_equity,debt_to_assets,revenue_per_share,ebitda_per_share,operating_income_per_share,pretax_income_per_share,fcf_per_share,book_value_per_share,tangible_book_per_share,market_cap,enterprise_value,price_to_earnings,price_to_book,price_to_tangible_book,price_to_sales,price_to_fcf,price_to_pretax_income,enterprise_value_to_earnings,enterprise_value_to_book,enterprise_value_to_tangible_book,enterprise_value_to_sales,enterprise_value_to_fcf,enterprise_value_to_pretax_income,revenue_growth,gross_profit_growth,ebitda_growth,operating_income_growth,pretax_income_growth,net_income_growth,eps_diluted_growth,shares_diluted_growth,cash_and_equiv_growth,ppe_growth,total_assets_growth,total_equity_growth,cfo_growth,capex_growth,fcf_growth,dividends_per_share_growth,shares_eop_growth,revenue_cagr_10,eps_diluted_cagr_10,total_assets_cagr_10,total_equity_cagr_10,fcf_cagr_10,dividends_per_share_cagr_10,cf_cfo_cagr_10,current_ratio,payout_ratio,peg_ratio,shares_eop_change,net_debt,shares_eop,dividends,original_filing_date,period_end_price,preliminary,gross_margin_median,pretax_margin_median,operating_income_margin_median,fcf_margin_median,roa_median,roe_median,roic_median,assets_to_equity_median,debt_to_assets_median,debt_to_equity_median,roic_5yr_avg,fiscal_quarter_number,fiscal_quarter_key
2010-06-30,0,0,0,0,0,0,0,0,0,0,0,0,0,0,0,0,0,0,0,0,0,0,0.0,0.0,20500000,20500000,0,0,0,0,0,0,0,0,0,0,0,0,0,0,0,0,0,0,0,0,0,0,0.0,0,0,0,0,0,0,0,0,0,0,0,0,0,0,0.0,0,0,0,0,0,0,0,0,0,0.0,0,0,0,0.0,0,0,0,0,0,0,0,0,0,0.0,0,0.0,0,0,0,0,0,0,0,0.0,0,0,0,0,0,0,0,0,0,0,0.0,0,0,0,0.0,0.0,0.0,0.0,0.0,0.0,0.0,0.0,0.0,0.0,0.0,0.0,0.0,0.0,0.0,0.0,0.0,0.0,0.0,0.0,0.0,0.0,0.0,0,0,0.0,0.0,0.0,0.0,0.0,0.0,0.0,0.0,0.0,0.0,0.0,0.0,0.0,0.0,0.0,0.0,0.0,0.0,0.0,0.0,-1.0,-1.0,-1.0,-1.0,0.0,0.0,0.0,0,0.0,0.0,0.0,0.0,0.0,0.0,0,0.0,0.0,0.0,0.0,0,0,20500000,0.0,2011-11-14,0.0,0,0.02867897233011,0.012280668834393,0.019254867861442,0.013309650475998,-0.026797688869868,-0.13493347053165,-0.037013416985482,4.6819545534705,0.43275863552118,2.029114304253,0.099041638341993,2,FY2010.FQ2
2010-12-31,0,0,0,0,0,0,0,0,0,0,0,0,0,0,0,0,0,0,0,0,0,0,0.0,0.0,20500000,20500000,0,155457000,0,36937000,376629000,11106000,580129000,0,640825000,-1260000,639565000,0,0,54699000,1274393000,36302000,0,366515000,1250000,0,66339000,0,0.0,470406000,323814000,0,8864000,0,14570000,817654000,0,0,-56521000,-1049000,516231000,0,0,-1922000.0,456739000,1274393000,694264000,347248000,0,0,0,0,0,0.0,0,0,0,0.0,0,0,0,0,0,0,0,0,0,0.0,0,0.0,0,0,0,0,0,0,0,0.0,0,0,0,0,0,0,0,0,0,0,0.0,0,456739000,456739000,0.0,0.0,0.0,0.0,0.0,0.0,0.0,0.0,0.0,0.0,0.0,0.0,2.7901,0.3583,0.7117,0.255,0.0,0.0,0.0,0.0,0.0,22.2799,22.2799,0,168357000,0.0,0.0,0.0,0.0,0.0,0.0,0.0,0.3686,0.3686,0.0,0.0,0.0,0.0,0.0,0.0,0.0,0.0,0.0,0.0,0.0,0.0,0.0,0.0,0.0,0.0,0.0,0.0,0,0.0,0.0,0.0,0.0,0.0,0.0,0,0.0,1.2332,0.0,0.0,0,169607000,20500000,0.0,2011-11-14,0.0,0,0.02867897233011,0.012280668834393,0.019254867861442,0.013309650475998,-0.026797688869868,-0.13493347053165,-0.037013416985482,4.6819545534705,0.43275863552118,2.029114304253,0.099041638341993,4,FY2010.FQ4
2011-06-30,0,0,0,0,0,0,0,0,0,0,0,0,0,0,0,0,0,0,0,0,0,0,0.0,0.0,20500000,20500000,0,143937000,0,351004000,1469369000,14321000,1978631000,0,1443377000,-16707000,1426670000,0,0,153208000,3558509000,284966000,25911000,1214128000,161250000,0,101601000,0,36332000.0,1824188000,701471000,0,0,0,43741000,2569400000,926000000,0,64233000,-1049000,0,0,0,-74999.0,989109000,3558509000,1579878000,745212000,0,0,0,0,0,0.0,0,0,0,0.0,0,0,0,0,0,0,0,0,0,0.0,0,0.0,0,0,0,0,0,0,0,0.0,0,0,0,0,0,0,0,0,0,0,0.0,0,989109000,989109000,0.0,0.0,0.0,0.0,0.0,0.0,0.0,0.0,0.0,0.0,0.0,0.0,3.5976,0.2779,0.8722,0.2424,0.0,0.0,0.0,0.0,0.0,48.2492,48.2492,0,557534000,0.0,0.0,0.0,0.0,0.0,0.0,0.0,0.5636,0.5636,0.0,0.0,0.0,0.0,0.0,0.0,0.0,0.0,0.0,0.0,0.0,-0.0741,1.2306,1.7923,1.1655,0.0,0.0,0.0,0,0.0,0.0,0.0,0.0,0.0,0.0,0,0.0,1.0846,0.0,0.0,0,718784000,20500000,0.0,2011-11-14,0.0,0,0.02867897233011,0.012280668834393,0.019254867861442,0.013309650475998,-0.026797688869868,-0.13493347053165,-0.037013416985482,4.6819545534705,0.43275863552118,2.029114304253,0.099041638341993,2,FY2011.FQ2
2011-09-30,4744760000,4166227000,578533000,229776000,0,0,16729000,246505000,332028000,0,-25032000,-25032000,-306996000,0,0,0,0,0,0,306397000,0,306397000,14.94,14.94,20500000,20500000,0,0,0,0,0,0,0,0,0,0,0,0,0,0,0,0,0,0,0,0,0,0,0.0,0,0,0,0,0,0,0,0,0,0,0,0,0,0,0.0,0,0,0,0,0,0,0,0,0,0.0,0,0,0,0.0,0,0,0,0,0,0,0,0,0,0.0,0,0.0,0,0,0,0,0,-163810000,0,163810000.0,0,0,0,0,0,0,4847000,-168657000,332028000,0,0.0,399015625,0,0,0.1722,0.6195,0.3309,0.3588,0.3503,0.3503,0.1219,0.0699,0.0699,0.0,0.0645,0.0,0.0,0.0,0.0,0.0,231.4517,16.1964,16.1964,0.0,0.0,0.0,0.0,0,0,0.0,0.0,0.0,0.0,0.0,0.0,0.0,0.0,0.0,0.0,0.0,0.0,0.0,0.0,0.0,0.0,0.0,0.0,0.0,0.0,-1.0,-1.0,-1.0,-1.0,0.0,0.0,0.0,0,0.0,0.0,0.0,0.0,0.0,0.0,0,0.0,0.0,0.0,0.0,0,0,20500000,0.0,2012-12-13,0.0,0,0.02867897233011,0.012280668834393,0.019254867861442,0.013309650475998,-0.026797688869868,-0.13493347053165,-0.037013416985482,4.6819545534705,0.43275863552118,2.029114304253,0.099041638341993,3,FY2011.FQ3
2011-12-30,4776441000,5366931000,-590490000,-443072000,0,0,18107000,-424965000,-165525000,0,-20993000,-20993000,186518000,0,0,0,0,0,0,-184480000,0,-184480000,-8.99,-8.99,20500000,20500000,0,50166000,0,316252000,1516727000,63359000,1946504000,0,1555175000,-41228000,1513947000,1703000,0,158955000,3621109000,286067000,36635000,1085160000,4014000,0,248251000,0,0.0,1660127000,800851000,0,15563000,0,33650000,2510191000,0,0,0,-2376000,0,0,0,1113294000.0,1110918000,3621109000,1674605000,850064000,0,0,0,0,0,0.0,0,0,0,0.0,0,0,0,0,0,0,0,0,0,0.0,0,0.0,0,0,0,0,0,412347000,0,-412347000.0,0,0,0,0,0,0,163821000,248526000,-165525000,0,0.0,-218753125,1110918000,1109215000,0.0673,0.2194,0.1272,0.1306,0.1694,0.1696,-0.1236,-0.0346,-0.0346,0.0,-0.0386,0.0,3.2595,0.3067,0.7245,0.2222,232.9971,-8.0743,-8.0743,0.0,0.0,54.1911,54.108,0,750685000,0.0,0.0,0.0,0.0,0.0,0.0,6.1573,0.6757,0.6767,0.0788,0.0,0.0,0.0,0.0,0.0,0.0,0.0,0.0,0.0,0.0,0.0,0.0,0.0,0.0,0.0,0.0,0.0,0,0.0,0.0,0.0,0.0,0.0,0.0,0,0.0,1.1725,0.0,0.0,0,754699000,20500000,0.0,2012-12-13,0.0,0,0.02867897233011,0.012280668834393,0.019254867861442,0.013309650475998,-0.026797688869868,-0.13493347053165,-0.037013416985482,4.6819545534705,0.43275863552118,2.029114304253,0.099041638341993,4,FY2011.FQ4
2012-03-30,4716106000,4848336000,-132230000,13814000,0,0,20542000,34356000,-166586000,0,-31408000,-31408000,-4537000,-202531000,0,-202531000,0,0,0,-202531000,0,-202531000,-9.88,-9.88,20500000,20500000,21752000,0,0,0,0,0,0,0,0,0,0,0,0,0,0,0,0,0,0,0,0,0,0.0,0,0,0,0,0,0,0,0,0,0,0,0,0,0,0.0,0,0,0,0,-202531000,21752000,-180988000,54144000,0,46734000.0,-80110000,0,510000,-8322000.0,-268701000,-23396000,0,-23396000,0,0,0,0,0,0.0,0,-15720000.0,-39116000,250000,0,250000,0,279214000,0,-15558000.0,263906000,0,-43911000,-23396000,0,0,930258000,-651044000,-144834000,-292097000,0.0,-104116250,0,0,-0.0445,-0.1451,-0.0841,-0.0864,-0.0001,-0.0001,-0.028,-0.0307,-0.0353,-0.0429,-0.0429,-0.0619,0.0,0.0,0.0,0.0,230.0539,-7.065,-8.1261,-9.8795,-14.2486,0.0,0.0,0,0,0.0,0.0,0.0,0.0,0.0,0.0,0.0,0.0,0.0,0.0,0.0,0.0,0.0,0.0,0.0,0.0,0.0,0.0,0.0,0.0,-1.0,-1.0,-1.0,-1.0,0.0,0.0,0.0,0,0.0,0.0,0.0,0.0,0.0,0.0,0,0.0,0.0,0.0,0.0,0,0,20500000,0.0,2013-05-09,0.0,0,0.02867897233011,0.012280668834393,0.019254867861442,0.013309650475998,-0.026797688869868,-0.13493347053165,-0.037013416985482,4.6819545534705,0.43275863552118,2.029114304253,0.099041638341993,1,FY2012.FQ1
2012-06-29,5077015000,4449748000,627267000,25286000,0,0,22422000,47708000,579559000,0,-28443000,-28443000,4626000,555742000,0,555742000,0,0,0,555742000,0,555742000,27.1,27.1,20500000,20500000,23728000,0,0,0,0,0,0,0,0,0,0,0,0,0,0,0,0,0,0,0,0,0,0.0,0,0,0,0,0,0,0,0,0,0,0,0,0,0,0.0,0,0,0,0,555742000,23728000,48992000,-119898000,0,-129375000.0,-200281000,0,540000,6346000.0,386075000,-40727000,0,-40727000,0,0,0,0,0,0.0,0,-10011000.0,-50738000,0,0,0,0,-215674000,-12860000,-104330000.0,-332864000,0,2473000,-40727000,0,0,175000000,-390674000,603287000,345348000,0.0,362224375,0,0,0.0,0.0,0.0,0.0,0.0,0.0,0.1235,0.1188,0.1141,0.1094,0.1094,0.068,0.0,0.0,0.0,0.0,247.6592,29.4286,28.2711,27.1093,16.8462,0.0,0.0,0,0,0.0,0.0,0.0,0.0,0.0,0.0,0.0,0.0,0.0,0.0,0.0,0.0,0.0,0.0,0.0,0.0,0.0,0.0,0.0,0.0,-1.0,-1.0,-1.0,-1.0,0.0,0.0,0.0,0,0.0,0.0,0.0,0.0,0.0,0.0,0,0.0,0.0,0.0,0.0,0,0,20500000,0.0,2013-08-08,0.0,0,0.02867897233011,0.012280668834393,0.019254867861442,0.013309650475998,-0.026797688869868,-0.13493347053165,-0.037013416985482,4.6819545534705,0.43275863552118,2.029114304253,0.099041638341993,2,FY2012.FQ2
2012-09-28,5395206000,5111680000,283526000,38942000,0,0,24455000,63397000,220129000,0,-26901000,-26901000,-6664000,186564000,0,186564000,0,0,0,186564000,0,186564000,9.1,9.1,20500000,20500000,25664000,170048000,0,496241000,1479728000,26388000,2172405000,0,1574712000,0,1574712000,1297000,0,184093000,3932507000,246914000,26371000,1019775000,0,0,202953000,0,35997000.0,1532010000,732961000,0,20959000,0,13251000,2299181000,0,0,710843000,-2357000,924840000,0,0,0.0,1633326000,3932507000,1760102000,767171000,186563000,25664000,-47993000,150933000,0,8043000.0,110983000,0,660000,27578000.0,351448000,-37881000,0,-37881000,0,0,0,0,0,0.0,0,-6120000.0,-44001000,0,0,0,0,-142879000,-2221000,-1027000.0,-146127000,0,161320000,-37881000,0,0,0,-142879000,245793000,313567000,0.0,137580625,1633326000,1632029000,0.1806,0.435,0.3002,0.3235,0.3895,0.3897,0.0525,0.0455,0.0408,0.0345,0.0345,0.0581,2.4076,0.4153,0.4487,0.1863,263.1807,11.9899,10.738,9.1006,15.2959,79.6744,79.6111,0,562913000,0.0,0.0,0.0,0.0,0.0,0.0,1.5843,0.3446,0.3449,0.0281,1.5345,1.0428,0.137,-0.5099,-0.2597,-0.337,0.0,-0.3911,-0.391,0.0,0.0,0.0,0.0,0.0,0.0,0.0,0.0,0,0.0,0.0,0.0,0.0,0.0,0.0,0,0.0,1.418,0.0,0.0,0,562913000,20500000,0.0,2012-12-13,0.0,0,0.02867897233011,0.012280668834393,0.019254867861442,0.013309650475998,-0.026797688869868,-0.13493347053165,-0.037013416985482,4.6819545534705,0.43275863552118,2.029114304253,0.099041638341993,3,FY2012.FQ3
2012-12-31,4950360000,4598138000,352222000,42401000,0,0,24819000,67220000,285002000,0,-21876000,-21876000,2412000,265538000,-1275000,264263000,0,0,0,-537818000,0,-537818000,-22.81,-22.81,23571000,23571000,26506000,285884000,0,503796000,1497119000,21105000,2307904000,0,1741762000,-106175000,1635587000,1085000,0,309126000,4253702000,360057000,42051000,962875000,0,0,237084000,0,1007000.0000001,1603074000,686538000,43442000,29713000,0,167390000,2530157000,0,0,1956000,-61000,417835000,0,1303791000,24000.0,1723545000,4253702000,1945798000,927083000,264263000,26506000,-7555000,-165276000,0,224217000.0,51386000,0,1250000,206000.00000002,343611000,-73896000,0,-73896000,0,0,0,0,0,0.0,0,-11556000.0,-85452000,0,0,0,0,0,-145884000,3561000.0,-142323000,0,115836000,-73896000,0,0,0,0,311508000,269715000,0.0048,-323174375,1723545000,1722460000,0.0004,0.0011,0.0006,0.0006,0.3635,0.3636,0.0711,0.0629,0.0575,0.0536,-0.1086,0.0544,2.4679,0.4051,0.4235,0.1716,210.019,13.2157,12.0912,11.2654,11.4426,73.1214,73.0753,684737550,1085391550,349.8914,0.3972,0.3975,0.034,1.0757,0.8502,554.6201,0.6297,0.6301,0.0538,1.7051,1.3477,0.0364,1.5964,2.8819,2.7218,0.0,-1.9153,-1.5355,0.1498,4.6987,0.0803,0.1746,0.5514,0.0,0.0,0.0,0,0.1498,0.0,0.0,0.0,0.0,0.0,0,0.0,1.4396,0.0,0.0,3071000,400654000,23571000,0.0,2013-02-28,29.05,0,0.02867897233011,0.012280668834393,0.019254867861442,0.013309650475998,-0.026797688869868,-0.13493347053165,-0.037013416985482,4.6819545534705,0.43275863552118,2.029114304253,0.099041638341993,4,FY2012.FQ4
2013-03-29,4797847000,4641116000,156731000,30094000,0,0,26532000,56626000,100105000,0,-21611000,-21611000,-1339000,77155000,-7444000,69711000,0,-58305000,0,11406000,0,11406000,0.48,0.48,23590000,97416000,28142000,404088000,0,662846000,1450518000,34225000,2551677000,0,1658291000,0,1658291000,997000,0,298108000,4509073000,476220000,24873000,1066546000,0,0,260081000,0,1006999.9999998,1828727000,682768000,44780000,0,0,191607000,2747882000,0,0,6278000,-87000,418322000,0,1336654000,24000.0,1761191000,4509073000,1957396000,919155000,69711000,28142000,-159050000,22060000,-15202000,259573000.0,107381000,7444000,1020000,-2632000.0,211066000,-56152000,0,-56152000,0,0,0,0,0,0.0,0,-3001000.0,-59153000,0,0,0,0,0,-32976000,-733000.0,-33709000,0,118204000,-56152000,0,0,0,0,128247000,154914000,0.0964,26125000,1761191000,1760194000,0.0492,0.1239,0.0569,0.0626,0.4444,0.4446,0.0326,0.0267,0.0208,0.016,0.0023,0.0322,2.5602,0.3905,0.413,0.1613,49.2511,1.3164,1.0276,0.792,1.5902,18.079,18.0688,877732380,1156412380,4.0655,0.4983,0.4986,0.0434,0.81,0.8089,5.3563,0.6566,0.6569,0.0571,1.0672,1.0658,0.0173,2.1852,1.8854,1.6009,1.3809,1.0563,1.0485,3.752,0.0,0.0,0.0,0.0,1.7855,-1.4,1.5303,0,0.0018,0.0,0.0,0.7266,0.5754,0.0,0,0.0,1.3953,0.625,0.0,43000,278680000,23614000,0.3,2013-05-09,37.17,0,0.02867897233011,0.012280668834393,0.019254867861442,0.013309650475998,-0.026797688869868,-0.13493347053165,-0.037013416985482,4.6819545534705,0.43275863552118,2.029114304253,0.099041638341993,1,FY2013.FQ1
2013-06-28,4678293000,4498562000,179731000,19141000,0,0,27563000,46704000,133027000,0,-21708000,-21708000,6820000,118139000,-10969000,107170000,0,-90344000,0,16826000,0,16826000,0.62,0.61,26944000,27707000,29211000,69230000,0,591352000,1537573000,50818000,2248973000,0,1685104000,0,1685104000,869000,0,390957000,4325903000,227567000,28073000,991213000,0,0,194027000,0,1006999.9999998,1441887000,778002000,37961000,0,0,326144000,2583994000,0,0,16021000,-3576000,658355000,0,1071069000,39999.999999964,1741909000,4325903000,2076930000,1142107000,107171000,29211000,71494000,-205098000,-17546000,-234927000.0,-386077000,9225000,960000,-11757000.0,-251267000,-48932000,0,-48932000,0,0,0,0,0,0.0,0,-4639000.0,-53571000,0,0,0,0,95000000,-103137000,-21883000.0,-30020000,0,-334858000,-48932000,0,0,160000000,-65000000,162238000,-300199000,0.0928,26676875,1741909000,1741040000,-0.0731,-0.1844,-0.0866,-0.0925,0.2653,0.2654,0.0384,0.0346,0.0284,0.0252,0.0035,-0.0641,2.4834,0.4026,0.4684,0.1886,168.8487,5.8554,4.8012,4.2638,-10.8347,62.8689,62.8375,1024707600,1733479600,-3.1722,0.5882,0.5885,0.0516,2.3395,1.5828,-5.3664,0.9951,0.9956,0.0874,3.9577,2.6776,-0.0785,-0.7134,-0.731,-0.7704,-0.7874,-0.9697,-0.9774,0.3515,0.0,0.0,0.0,0.0,-1.6508,-0.2014,-1.8692,0,0.6754,0.0,0.0,0.0,0.0,0.0,0,0.0,1.5597,0.4918,0.0,15950000,708772000,39564000,0.3,2013-08-08,25.9,0,0.02867897233011,0.012280668834393,0.019254867861442,0.013309650475998,-0.026797688869868,-0.13493347053165,-0.037013416985482,4.6819545534705,0.43275863552118,2.029114304253,0.099041638341993,2,FY2013.FQ2
2013-09-30,4858880000,4856344000,2536000,30748000,0,0,27435000,58183000,-55647000,0,-26242000,-26242000,-2315000,-84204000,19311000,-64893000,0,45045000,0,-19848000,0,-19848000,-0.5,-0.5,39575000,39575000,29064000,57417000,0,577879000,1472637000,83412000,2191345000,0,1735760000,0,1735760000,761000,0,401475000,4329341000,563922000,27651000,986784000,0,0,29986000,0,1006999.9999998,1609350000,698242000,40323000,0,0,332590000,2680505000,0,0,-15702000,-3495000,659661000,0,1008332000,40000.0,1648836000,4329341000,2137996000,1071155000,-64894000,29064000,13473000,214203000,-9997000,-880000.00000002,216799000,-9472000,770000,10515000.0,182782000,-96822000,0,-96822000,0,0,0,0,0,0.0,0,12023000.0,-84799000,0,0,0,0,-80000000,-30386000,589999.99999999,-109796000,0,-11813000,-96822000,0,0,585000000,-665000000,-26583000,85960000,0.0,-6626250,1648836000,1648075000,-0.1223,-0.3122,-0.1507,-0.1535,0.165,0.1651,0.0005,-0.0054,-0.0114,-0.0173,-0.004,0.0176,2.6256,0.3808,0.4479,0.1705,122.7765,-0.6717,-1.4061,-2.1277,2.172,41.6635,41.6443,888615900,1529440900,-1.6784,0.5389,0.5391,0.046,4.2236,2.3593,-2.8888,0.9275,0.928,0.0793,7.2695,4.0608,-0.0994,-0.991,-1.1081,-1.2527,-1.4513,-1.1063,-1.0549,0.9304,-0.6623,0.1022,0.1009,0.0094,-0.4799,-1.5559,-0.7258,0,0.0004,0.0,0.0,0.13,0.1369,0.0,0,0.0,1.3616,-0.6,0.0,18000,640825000,39582000,0.3,2013-11-07,22.45,0,0.02867897233011,0.012280668834393,0.019254867861442,0.013309650475998,-0.026797688869868,-0.13493347053165,-0.037013416985482,4.6819545534705,0.43275863552118,2.029114304253,0.099041638341993,3,FY2013.FQ3
2013-12-31,4816435000,4619944000,196491000,15811000,0,0,29949000,45760000,150731000,0,-24223000,-24223000,-6832000,119676000,-17579000,102097000,0,-70941000,0,31156000,0,31156000,0.79,0.76,39669000,39998000,31584000,76970000,0,596647000,1445517000,81372000,2200506000,0,1966674000,-185085000,1781589000,653000,0,431060000,4413808000,402293000,42814000,1143446000,12029000,0,31387000,0,12541000.0,1644510000,735547000,0,36525000,0,281970000,2698552000,0,0,3579000,-6988000,657499000,0,1061126000,40000.0,1715256000,4413808000,2213302000,1054042000,102097000,31584000,-18768000,14826000,290000,4456000.0,804000,18024000,1000000,-4761000.0,148748000,-116488000,0,-116488000,0,0,0,0,0,0.0,0,736999.99999999,-115751000,0,0,0,0,14337000,-29163000,1382000.0,-13444000,0,19553000,-116488000,0,0,719337000,-705000000,182315000,32260000,0.1468,49868750,1715256000,1714603000,0.009,0.0235,0.0114,0.0116,0.1193,0.1193,0.0407,0.0378,0.0312,0.0248,0.0064,0.0066,2.5732,0.3886,0.4358,0.1693,120.4168,4.5581,3.7684,2.992,0.8065,42.8835,42.8672,1247892360,1906469360,31.5602,0.7275,0.7278,0.0651,-46.1072,5.4076,48.2162,1.1114,1.1119,0.0995,-70.4403,8.2614,-0.027,-0.4421,-0.4147,-0.4711,-0.5493,1.0579,1.0333,0.6969,-0.7307,0.0892,0.0376,-0.0048,-0.5671,-0.5763,-0.8803,0,0.0021,0.0,0.0,0.0217,0.0565,0.0,0,0.0,1.338,0.3947,0.0,84000,670606000,39666000,0.3,2014-02-21,31.46,0,0.02867897233011,0.012280668834393,0.019254867861442,0.013309650475998,-0.026797688869868,-0.13493347053165,-0.037013416985482,4.6819545534705,0.43275863552118,2.029114304253,0.099041638341993,4,FY2013.FQ4
2014-03-31,4746443000,4416583000,329860000,36624000,0,0,33215000,69839000,260021000,0,-25255000,-25255000,-1815000,232951000,-49679000,183272000,0,-105828000,0,77444000,0,77444000,1.43,1.42,54168000,54692000,34848000,237135000,0,529641000,1546255000,52791000,2365822000,0,1757985000,0,1757985000,560000,0,592052000,4716419000,246819000,52353000,1298663000,12491000,0,19769000,0,12541000.0,1642636000,722337000,0,0,0,541323000,2906296000,0,0,64622000,-10277000,1198365000,0,557343000,70000.0,1810123000,4716419000,2350597000,1263660000,183272000,34848000,67006000,-99974000,15718000,36164000.0,18914000,32960000,1420000,-10843000.0,260571000,-60127000,0,-60127000,0,0,0,0,0,0.0,0,7474000.0,-52653000,0,0,0,0,-15000000,-29661000,-3092000.0,-47753000,0,160165000,-60127000,0,0,265000000,-280000000,294869000,200444000,0.2132,96370625,1810123000,1809563000,0.0231,0.0598,0.0318,0.0334,0.1663,0.1664,0.0694,0.0621,0.0547,0.049,0.0163,0.0422,2.6055,0.3837,0.4059,0.1558,86.7849,5.3914,4.7542,4.2593,3.6649,33.0966,33.0864,1797486000,2282688000,17.0251,0.993,0.9933,0.0941,97.3455,4.6499,21.6208,1.261,1.2614,0.1195,123.6224,5.9051,-0.0107,1.1046,1.2992,1.5974,2.0192,5.7897,1.9583,-0.4385,-0.4131,0.0601,0.0459,0.0277,0.2345,-0.0707,0.2939,0,0.7564,0.0,-0.2097,0.0,0.0,0.0,0,0.0,1.4402,0.2112,-0.8117,30004000,497693000,69670000,0.3,2014-05-07,25.8,0,0.02867897233011,0.012280668834393,0.019254867861442,0.013309650475998,-0.026797688869868,-0.13493347053165,-0.037013416985482,4.6819545534705,0.43275863552118,2.029114304253,0.099041638341993,1,FY2014.FQ1
2014-06-30,5301709000,5146178000,155531000,33013000,0,0,34662000,67675000,87856000,0,-26202000,-26202000,-2344000,59310000,-13474000,45836000,0,-24877000,0,20959000,0,20959000,0.29,0.29,72440000,73007000,36589000,317544000,0,713226000,1711851000,101315000,2843936000,299996000,1822309000,0,1822309000,492000,0,715107000,5681840000,339185000,35605000,1450373000,13009000,0,17284000,0,12541000.0,1867997000,1032637000,0,0,0,717232000,3617866000,0,0,64681000,-12667000,1496456000,0,515416000,88000.0,2063974000,5681840000,2837904000,1749869000,45836000,36589000,-183585000,-149120000,-43190000,177756000.0,-198139000,2130000,1500000,17570000.0,-94514000,-65166000,0,-65166000,0,0,0,-599997000,299987000,-300010000.0,0,-17310000.0,-382486000,0,340957000,340957000,0,308225000,-84346000,-7427000.0,557409000,0,80409000,-65166000,0,0,438225000,-130000000,124445000,-159680000,0.2271,39361875,2063974000,2063482000,0.0211,0.0566,0.0326,0.0355,0.1281,0.1281,0.0293,0.0234,0.0165,0.0111,0.0039,-0.0301,2.7528,0.3632,0.5066,0.184,72.6191,1.7045,1.2033,0.8123,-2.1871,28.2709,28.2641,2336432150,3051525150,21.2962,1.132,1.1322,0.1184,14.696,7.129,27.8142,1.4784,1.4788,0.1547,19.1939,9.311,0.1332,-0.1346,-0.2329,-0.3395,-0.4979,0.2456,-0.5245,1.6349,3.5867,0.0814,0.3134,0.1848,0.6238,-0.3317,0.468,0,0.2583,0.0104,0.0,0.046,0.0639,0.0,0,0.0,1.5224,1.0344,0.0,18001000,728102000,87671000,0.3,2014-08-07,26.65,0,0.02867897233011,0.012280668834393,0.019254867861442,0.013309650475998,-0.026797688869868,-0.13493347053165,-0.037013416985482,4.6819545534705,0.43275863552118,2.029114304253,0.099041638341993,2,FY2014.FQ2
2014-09-30,5260003000,4873533000,386470000,34339000,0,0,68010000,102349000,284121000,0,-24374000,-24374000,5525000,265272000,-95260000,170012000,0,-29042000,0,140970000,0,140970000,1.61,1.6,87657000,97345000,70110000,477393000,0,698399000,1787465000,42306000,3005563000,264913000,1902006000,0,1902006000,424000,0,704212000,5877118000,377343000,62379000,1356597000,0,0,15608000,0,12541000.0,1824468000,1117178000,39325000,0,0,721608000,3702579000,0,0,179324000,-12590000,1505851000,-32593000,534459000,88000.0,2174539000,5877118000,2871555000,1878111000,170012000,70110000,14827000,-129444000,52576000,-3039000.0,-65080000,32638000,2450000,-23226000.0,186904000,-133582000,0,-133582000,0,0,0,-588909000,624009000,35100000.0,0,12310000.0,-86172000,0,-32593000,-32593000,0,132700000,-32595000,-8395000.0,59117000,0,159849000,-133582000,0,0,167800000,-35100000,354231000,53322000,0.3591,159424375,2174539000,2174115000,0.0468,0.1276,0.0722,0.0808,0.1986,0.1986,0.0734,0.0673,0.054,0.0504,0.0268,0.0101,2.7026,0.37,0.5318,0.1967,54.0346,3.6389,2.9187,2.725,0.5477,22.3384,22.3341,2073360000,2713145000,7.664,0.9534,0.9536,0.103,16.4101,3.0616,10.029,1.2476,1.2479,0.1348,21.4739,4.0063,0.0825,151.3935,14.3254,6.1057,4.1503,8.1024,4.2,1.4597,7.3144,0.0957,0.3575,0.3188,0.0225,-0.3796,-0.3796,0,-0.0146,0.0109,0.0,0.0,0.0,0.0,0,0.0,1.6473,0.1875,0.0,-1281000,639785000,86390000,0.3,2014-11-07,24.0,0,0.02867897233011,0.012280668834393,0.019254867861442,0.013309650475998,-0.026797688869868,-0.13493347053165,-0.037013416985482,4.6819545534705,0.43275863552118,2.029114304253,0.099041638341993,3,FY2014.FQ3
2014-12-31,4520000000,4918049000,-398049000,42685000,0,0,44495000,87180000,-485229000,0,-22933000,-22933000,6488000,-501674000,180825000,-320849000,0,43238000,0,-277611000,0,-277611000,-3.34,-3.34,83226000,83226000,46662000,397873000,0,551269000,1102261000,295268000,2346671000,234930000,2205809000,-268970000,1936839000,357000,0,645211000,5164008000,335268000,40444000,1065689000,0,0,25886000,0,75535000.0,1542822000,1191510000,36559000,54882000,0,644919000,3470692000,0,0,-123271000,-24298000,1508425000,-142731000,475103000,87999.999999965,1693316000,5164008000,2817337000,1927870000,-320849000,46662000,147130000,-15493000,-42161000,-224730000.0,-135254000,-120105000,1800000,631110000.0,103364000,-217514000,0,-217514000,0,0,0,-729731000,759712000,29981000.0,0,45237000.0,-142296000,0,-110138000,-110138000,0,106345000,-36595000,-200000.0,-40588000,0,-79520000,-217514000,0,0,182170000,-75825000,-438567000,-114150000,0.0,-276244375,1693316000,1692959000,-0.0069,-0.0197,-0.0105,-0.0119,0.0382,0.0382,-0.088,-0.097,-0.1073,-0.1109,-0.0614,-0.0252,3.0496,0.3279,0.7252,0.2378,54.3099,-5.2695,-5.8302,-6.0278,-1.3715,20.3459,20.3417,2183973840,2977610840,-57.1152,1.2897,1.29,0.1101,-108.8503,39.0979,-77.8704,1.7584,1.7588,0.1501,-148.4056,53.3058,-0.0615,-3.0257,-3.4055,-4.2191,-5.1919,-9.9103,-5.3947,1.0807,4.1691,0.0871,0.1699,-0.0127,-0.3051,-0.8672,-4.5384,0,-0.051,-0.0115,0.0,0.0,0.0,0.0,0,-0.1234,1.521,-0.0898,0.0,-4409000,793637000,81981000,0.3,2015-02-26,26.64,0,0.02867897233011,0.012280668834393,0.019254867861442,0.013309650475998,-0.026797688869868,-0.13493347053165,-0.037013416985482,4.6819545534705,0.43275863552118,2.029114304253,0.099041638341993,4,FY2014.FQ4
2015-03-31,2995136000,2739333000,255803000,36046000,0,0,47706000,83752000,172051000,0,-22192000,-22192000,2398000,152257000,-49138000,103119000,0,-15798000,0,87321000,0,87321000,1.04,1.0,84278000,91669000,49892000,449480000,0,441185000,1129207000,275259000,2295131000,234939000,1931811000,0,1931811000,289000,0,688442000,5150612000,313155000,37972000,935939000,0,0,32006000,0,65367000.0,1384439000,1224712000,34521000,0,0,739224000,3382896000,0,0,-61683000,-24850000,1552621000,-143138000,444674000,91999.0,1767716000,5150612000,2855481000,1998457000,103119000,49892000,110084000,-1007000,19940000,-224997000.0,-95980000,23168000,2960000,49346000.0,132505000,-102395000,0,-102395000,0,0,0,-689693000,689697000,4000.0,0,54284000.0,-48107000,0,-407000,-407000,0,651000,-32652000,-383000.0,-32791000,0,51607000,-102395000,0,0,23425000,-22774000,221943000,30110000,0.3227,97658125,1767716000,1767427000,-0.0054,-0.0163,-0.0082,-0.0094,0.0159,0.0159,0.0854,0.0741,0.0574,0.0508,0.0291,0.01,2.9137,0.3432,0.7123,0.2444,32.6733,2.4211,1.8768,1.6609,0.3284,19.2836,19.2805,2916746880,3691978880,-102.8435,1.65,1.6502,0.1613,-15.3192,-117.445,-130.178,2.0885,2.0889,0.2042,-19.3908,-148.6603,-0.3689,-0.2245,-0.2473,-0.3383,-0.3463,0.1275,-0.2957,0.676,0.8954,0.0988,0.092,-0.0234,-0.4914,-0.7029,-0.8497,0,0.0488,-0.0571,-0.1981,0.0273,0.0079,-0.2088,0,-0.0929,1.6578,0.3,5.19,4008000,775232000,85989000,0.3,2015-05-07,33.92,0,0.02867897233011,0.012280668834393,0.019254867861442,0.013309650475998,-0.026797688869868,-0.13493347053165,-0.037013416985482,4.6819545534705,0.43275863552118,2.029114304253,0.099041638341993,1,FY2015.FQ1
2015-06-30,3550664000,3189715000,360949000,39223000,0,0,48562000,87785000,273164000,0,-26876000,-26876000,2581000,248869000,-90409000,158460000,0,-22650000,0,135810000,0,135810000,1.58,1.57,86037000,91660000,50947000,623822000,0,540227000,1306414000,215109000,2685572000,234249000,1964953000,0,1964953000,241000,0,658607000,5543622000,354636000,76630000,1042619000,0,0,28495000,0,69833000.0,1572213000,1329163000,32571000,0,0,737291000,3671238000,0,0,48316000,-24543000,1552118000,-146731000,443132000,92000.0,1872384000,5543622000,2858050000,2099025000,158460000,50947000,-99042000,-83612000,9612000,174928000.0,1886000,50838000,2440000,-79401000.0,185170000,-121668000,0,-121668000,0,0,0,-689693000,690388000,695000.00000005,0,55505000.0,-65468000,0,-3593000,-3593000,0,104173000,-38188000,-7752000.0,54640000,0,174342000,-121668000,0,0,421825000,-317652000,324111000,63502000,0.3632,156571250,1872384000,1872143000,0.0161,0.0475,0.0241,0.0284,0.063,0.0631,0.1016,0.0912,0.0769,0.07,0.0382,0.0178,2.9607,0.3377,0.7272,0.2456,38.7373,3.536,2.9801,2.7151,0.6927,20.4274,20.4248,2441903240,3147244240,28.2333,1.3041,1.3043,0.1495,74.4846,14.8242,36.3885,1.6808,1.681,0.1927,95.9993,19.1061,-0.3302,1.3207,1.6044,2.1092,3.196,5.4797,4.4137,0.2554,0.9645,0.0782,-0.0243,-0.0928,2.9591,-0.867,1.3976,0,-0.0007,-0.0326,0.0,0.0268,0.0083,-0.1346,0,-0.0599,1.7081,0.191,0.0,-67000,705341000,85922000,0.3,2015-08-06,28.42,0,0.02867897233011,0.012280668834393,0.019254867861442,0.013309650475998,-0.026797688869868,-0.13493347053165,-0.037013416985482,4.6819545534705,0.43275863552118,2.029114304253,0.099041638341993,2,FY2015.FQ2
2015-09-30,3217640000,3072319000,145321000,51078000,0,0,2118000,53196000,92125000,0,-28026000,-28026000,2921000,67020000,-11525000,55495000,0,-12696000,0,42799000,0,42799000,0.5,0.49,85846000,91496000,50670000,472829000,0,395624000,1101182000,333940000,2303575000,234249000,1960149000,0,1960149000,231000,0,608972000,5107176000,212772000,49917000,760903000,0,0,13084000,0,57784000.0,1094460000,1353545000,27577000,0,0,740624000,3216206000,0,0,65372000,-24052000,1558237000,-150804000,442125000,92000.0,1890970000,5107176000,2803601000,2121746000,55495000,50670000,144603000,-26211000,-27942000,-406592000.0,-316142000,-44453000,3360000,173794000.0,-77276000,-64846000,0,-64846000,0,0,0,-229900000,229898000,-2000.0,0,11481000.0,-53367000,0,-4073000,-4073000,0,24013000,-38781000,-1509000.0,-20350000,0,-150993000,-64846000,0,0,31325000,-7312000,142795000,-142122000,0.1719,49643125,1890970000,1890739000,-0.0021,-0.0062,-0.0031,-0.0037,0.013,0.013,0.0451,0.0443,0.0286,0.0208,0.0133,-0.0441,2.7008,0.3702,0.7303,0.2704,35.167,1.5606,1.0068,0.7324,-1.5533,20.6672,20.6647,2424787620,3305503620,-207.5839,1.2822,1.2824,0.1697,-14.907,-72.3212,-282.9812,1.748,1.7482,0.2314,-20.3215,-98.5893,-0.3882,-0.6239,-0.5968,-0.6757,-0.7473,-0.6963,-0.6937,-0.06,-0.0095,0.0305,-0.131,-0.1304,-1.4134,0.5145,-3.6653,0,-0.0003,-0.0391,0.002,0.0125,0.0071,0.0,0,0.0,2.1047,0.6122,-1005.7087,-28000,880716000,85894000,0.3,2015-11-05,28.23,0,0.02867897233011,0.012280668834393,0.019254867861442,0.013309650475998,-0.026797688869868,-0.13493347053165,-0.037013416985482,4.6819545534705,0.43275863552118,2.029114304253,0.099041638341993,3,FY2015.FQ3
2015-12-31,3360489000,3481780000,-121291000,54919000,0,0,2023000,56942000,-178233000,0,-29093000,-29093000,21438000,-185888000,64347000,-121541000,0,2012000,0,-119529000,0,-119529000,-1.24,-1.24,96225000,101883000,55495000,944320000,0,454759000,1174272000,448660000,3022011000,234258000,2719227000,-362589000,2356638000,219000,0,491998000,6105124000,315653000,34129000,1062487000,0,0,24438000,0,58799000.0,1495506000,1808553000,31802000,60238000,0,613168000,4009267000,0,0,-83454000,-23289000,1904751000,-150804000,448560000,92999.0,2095857000,6105124000,3083113000,2513761000,-121541000,55495000,-58009000,-161062000,-5271000,296316000.0,71974000,-53310000,4740000,362667000.0,320025000,-65055000,0,-65055000,0,0,0,-458000000,458000000,0.0,0,-580116000.0,-645171000,0,0,0,0,500000000,-39179000,335816000.0,796637000,0,471491000,-65055000,0,0,670000000,-170000000,-122738000,254970000,0.0,-110138125,2095857000,2095638000,0.0261,0.0734,0.0361,0.0438,0.0832,0.0833,-0.036,-0.0365,-0.053,-0.0553,-0.0355,0.0758,2.9129,0.3432,0.878,0.3014,32.9838,-1.2046,-1.7493,-1.8245,2.5025,20.5712,20.569,3599355420,4463588420,24.5855,1.7173,1.7175,0.2742,17.4336,12.752,30.4887,2.1297,2.1299,0.3401,21.6196,15.8138,-0.2565,0.6952,0.7201,0.6326,0.6294,0.5694,0.6287,0.2241,1.3734,0.2167,0.1822,0.2377,2.096,0.7009,3.2336,0,0.1384,-0.0325,0.0,0.035,0.0186,0.0,0,0.0,2.0207,-0.2419,0.0,11888000,864233000,97782000,0.3,2016-02-29,36.81,0,0.02867897233011,0.012280668834393,0.019254867861442,0.013309650475998,-0.026797688869868,-0.13493347053165,-0.037013416985482,4.6819545534705,0.43275863552118,2.029114304253,0.099041638341993,4,FY2015.FQ4
2016-03-31,2800185000,2766330000,33855000,37582000,0,0,1697000,39279000,-5424000,0,-37527000,-37527000,-2885000,-45836000,22500000,-23336000,0,-6052000,0,-29388000,0,-29388000,-0.3,-0.3,97809000,97809000,58595000,740321000,0,541524000,1229299000,510213000,3021357000,234408000,2372904000,0,2372904000,209000,0,554781000,6183659000,388230000,41110000,1076840000,0,0,29810000,29971000,57042000.0,1623003000,1811214000,34688000,0,0,681008000,4149913000,0,0,-141666000,-22696000,1907469000,-150804000,441350000,93000.0,2033746000,6183659000,3162302000,2526910000,-23336000,58595000,-86765000,4035000,-79192000,63113000.0,-98809000,52954000,3350000,-13351000.0,-20597000,-43170000,0,-43170000,-2659000,0,-2659000,-690000000,689860000,-139999.99999999,0,-99910000.0,-145879000,0,0,0,0,0,-37523000,0.0,-37523000,0,-203999000,-43170000,0,0,0,0,53171000,-63767000,0.0,-7172500,2033746000,2033537000,0.0048,0.0143,0.0068,0.0084,0.0396,0.0396,0.012,0.0189,-0.0019,-0.0163,-0.0104,-0.0227,3.0405,0.3288,0.9076,0.2985,28.6291,0.5436,-0.0554,-0.4686,-0.6519,20.793,20.7908,3247491200,4318384200,109.3725,1.5968,1.5969,0.2511,28.8453,38.5848,145.4393,2.1233,2.1235,0.334,38.3573,51.3085,-0.065,-0.8676,-0.7604,-1.0315,-1.301,-1.3365,-1.3,0.0669,0.647,0.2283,0.2005,0.1504,-1.1554,0.5783,-3.1178,0,0.0003,-0.0536,0.0,0.0362,0.0212,0.0,0,0.0,1.8615,-1.0,0.0,34000,1070893000,97816000,0.3,2016-05-05,33.2,0,0.02867897233011,0.012280668834393,0.019254867861442,0.013309650475998,-0.026797688869868,-0.13493347053165,-0.037013416985482,4.6819545534705,0.43275863552118,2.029114304253,0.099041638341993,1,FY2016.FQ1
2016-06-30,3858467000,3575724000,282743000,43373000,0,0,1378000,44751000,237992000,0,-35940000,-35940000,-4970000,197082000,-76434000,120648000,0,-17118000,0,103530000,0,103530000,1.06,1.06,97836000,103279000,53928000,1412935000,136144000,647866000,1308536000,426492000,3931973000,0,2504921000,0,2504921000,199000,0,550957000,6988050000,373839000,47577000,1234564000,135864000,0,28102000,24530000,57042000.0,1901518000,2227848000,0,0,0,682828000,4812194000,0,0,-67478000,-22302000,1930697000,-150804000,485650000,93000.0,2175856000,6988050000,3056077000,2910676000,120648000,53928000,-106342000,78544000,50022000,144663000.0,166887000,40019000,9360000,-154111000.0,236731000,-68602000,0,-68602000,0,0,0,-620000000,718264000,98264000.0,0,-119540000.0,-89878000,0,0,0,0,513194000,-39008000,51575000.0,525761000,0,672614000,-68602000,0,0,648500000,-135306000,291920000,168129000,0.3878,138046250,2175856000,2175657000,-0.0003,-0.0012,-0.0005,-0.0007,0.0299,0.0299,0.0732,0.0756,0.0616,0.051,0.0268,0.0435,3.2116,0.3113,1.0863,0.3382,37.3596,2.8265,2.3043,1.9082,1.6279,21.0677,21.0658,2326302280,3005071280,-898.8803,1.0691,1.0692,0.1757,10.7099,71.8482,-1161.1558,1.381,1.3812,0.227,13.8348,92.8121,0.0866,-0.2166,-0.0993,-0.1287,-0.208,-0.2376,-0.3248,0.1267,1.2649,0.2747,0.2605,0.162,0.2784,0.4361,1.6476,0,0.0001,-0.0219,0.0338,0.047,0.024,0.1794,0,0.0475,2.0678,0.283,-265.7032,10000,950777000,97826000,0.3,2016-08-04,23.78,0,0.02867897233011,0.012280668834393,0.019254867861442,0.013309650475998,-0.026797688869868,-0.13493347053165,-0.037013416985482,4.6819545534705,0.43275863552118,2.029114304253,0.099041638341993,2,FY2016.FQ2
2016-09-30,4513204000,4329973000,183231000,44020000,0,0,1342000,45362000,137869000,0,-38527000,-38527000,-11225000,88117000,-31673000,56444000,0,-14333000,0,42111000,0,42111000,0.43,0.43,97825000,103136000,58388000,625402000,59991000,653638000,1845595000,362389000,3547015000,0,3252234000,0,3252234000,598000,0,665867000,7465714000,369731000,70871000,1434907000,59664000,0,25832000,26432000,60296000.0,2047733000,2309961000,0,0,0,828660000,5186354000,0,0,-54713000,-21896000,1967441000,-150804000,539239000,93000.0,2279360000,7465714000,3918699000,3138621000,56444000,58388000,-5772000,-28527000,-69957000,135503000.0,31247000,104601000,3620000,-82222000.0,172078000,-82853000,0,-82853000,-971932000,0,-971932000,-469997000,546150000,76153000.0,0,-32564000.0,-1011196000,0,0,0,0,3440000,-38535000,86680000.0,51585000,0,-787533000,-82853000,0,0,84127000,-80687000,196257000,89225000,0.3594,77210000,2279360000,2278762000,-0.0004,-0.0014,-0.0006,-0.0008,0.0359,0.0359,0.0405,0.0434,0.0305,0.0195,0.0093,0.0197,3.2753,0.3053,1.0396,0.3174,43.7597,1.9028,1.3367,0.8543,0.8651,22.1005,22.0947,2214758000,3839326000,-676.0555,0.9716,0.9719,0.1524,4.9375,41.4166,-1171.9554,1.6843,1.6848,0.2641,8.5592,71.7966,0.4026,0.2608,0.3743,0.4965,0.3147,-0.016,-0.1224,0.1272,0.3226,0.6591,0.4618,0.2053,3.2267,-0.2776,1.6278,0,0.0,-0.005,-0.1126,0.0469,0.0233,-0.0777,0,-0.0406,1.7321,0.6976,60.0389,-1000,1744223000,97825000,0.3,2016-11-04,22.64,0,0.02867897233011,0.012280668834393,0.019254867861442,0.013309650475998,-0.026797688869868,-0.13493347053165,-0.037013416985482,4.6819545534705,0.43275863552118,2.029114304253,0.099041638341993,3,FY2016.FQ3
2016-12-30,4748568000,4565406000,183162000,41344000,0,0,1418000,42762000,140400000,0,-38051000,-38051000,21456000,123805000,-52043000,71762000,0,-17204000,0,54558000,0,54558000,0.55,0.54,99866000,104794000,62037000,746274000,40024000,620175000,1863560000,137222000,3407255000,0,3806898000,-478128000,3328770000,577000,0,885325000,7621927000,535907000,86046000,1362989000,39664000,0,22507000,0,9434000.0,2056547000,2108570000,0,82881000,45699000,757546000,5051243000,0,0,-44852000,-24439000,2245788000,-151547000,545640000,94000.0,2570684000,7621927000,4214672000,2994696000,71762000,62037000,33463000,182550000,44786000,22795000.0,283594000,34276000,6330000,-194277000.0,263722000,-104112000,0,-104112000,0,0,0,-129968000,149935000,19967000.0,0,-62837000.0,-146982000,0,0,0,0,-213375000,-57173000,274680000.0,4132000,0,120872000,-104112000,0,0,62659000,-276034000,202437000,159610000,0.4203,76997500,2570684000,2570107000,0.0226,0.0704,0.0326,0.0376,0.0921,0.0921,0.0385,0.0426,0.0295,0.026,0.0114,0.0336,2.9649,0.3372,0.8356,0.2818,45.3133,1.9317,1.3397,1.1814,1.523,24.5308,24.5253,3044607520,4366879520,17.8244,1.1843,1.1846,0.1912,8.6201,8.3834,25.5655,1.6987,1.6991,0.2742,12.3638,12.0244,0.413,2.5101,2.6493,1.7877,1.666,1.4564,1.4354,0.0285,-0.2097,0.4125,0.2484,0.2265,-0.1759,-0.6003,-0.374,0,0.1163,-0.0109,0.0641,0.0298,0.0221,0.0,0,0.0,1.6567,0.5555,2.7789,11379000,1401960000,109204000,0.3,2017-02-24,27.88,0,0.02867897233011,0.012280668834393,0.019254867861442,0.013309650475998,-0.026797688869868,-0.13493347053165,-0.037013416985482,4.6819545534705,0.43275863552118,2.029114304253,0.099041638341993,4,FY2016.FQ4
2017-03-31,4754473000,4707203000,47270000,43830000,0,0,1762000,45592000,1678000,0,-37183000,-37183000,-3572000,-39077000,19047000,-20030000,0,-11047000,0,-31077000,0,-31077000,-0.29,-0.29,108760000,108760000,63527000,306091000,40054000,610213000,2085958000,82975000,3125291000,0,3380082000,0,3380082000,0,0,1006864000,7512237000,380575000,98524000,1486137000,0,0,25707000,0,9856000.0,2000799000,2063555000,48558000,0,45661000,841441000,5000014000,0,0,-108829000,-24135000,2251133000,-151547000,545507000,94000.0,2512223000,7512237000,4386946000,2999215000,-20030000,63527000,9962000,-238437000,54247000,-28084000.0,-202312000,-19520000,6030000,6941000.0,-165364000,-109726000,0,-109726000,0,0,0,-75036000,75006000,-30000.000000001,0,-79218000.0,-188974000,0,0,0,0,-41306000,-44539000,0.0,-85845000,0,-440183000,-109726000,0,0,200000000,-241306000,65205000,-275090000,0.0,-5855625,2512223000,2512223000,0.0223,0.0665,0.0324,0.036,0.0931,0.0931,0.0099,0.0137,0.0003,-0.0082,-0.0065,-0.0578,2.9902,0.3344,0.8407,0.2811,43.7152,0.5995,0.0154,-0.3592,-2.5293,23.0987,23.0987,2431339560,4148749560,14.3762,0.9678,0.9678,0.136,17.1373,6.5724,24.5311,1.6514,1.6514,0.2321,29.2424,11.215,0.6979,0.3962,0.2263,1.3093,0.1474,-0.0574,0.0333,0.1119,-0.5865,0.4244,0.2148,0.2352,-7.0285,-1.5417,-3.3139,0,0.0042,-0.01,0.0,0.0248,0.0145,0.0,0,0.0,1.562,-1.0344,0.0,464000,1757464000,109668000,0.3,2017-05-04,22.17,0,0.02867897233011,0.012280668834393,0.019254867861442,0.013309650475998,-0.026797688869868,-0.13493347053165,-0.037013416985482,4.6819545534705,0.43275863552118,2.029114304253,0.099041638341993,1,FY2017.FQ1
2017-06-30,5017225000,5081166000,-63941000,41058000,0,0,6020000,47078000,-111019000,0,-40698000,-40698000,-24477000,-176194000,72043000,-104151000,0,-5512000,0,-109663000,0,-109663000,-1.01,-1.01,108780000,108780000,71068000,173031000,0,611642000,1875164000,73262000,2733099000,0,3457321000,0,3457321000,0,0,1290800000,7481220000,449199000,100998000,1475206000,0,0,30073000,0,9195000.0000002,2064671000,2112093000,47454000,0,50822000,837187000,5112227000,0,0,-253498000,-23816000,2255922000,-151547000,541838000,93999.0,2368993000,7481220000,4748121000,3047556000,-205601000,71068000,-1429000,59699000,-73403000,-50064000.0,-65197000,24643000,7820000,206046000.0,38779000,-110720000,0,-110720000,0,0,0,0,40054000,40054000.0,0,-169001000.0,-239667000,0,0,0,0,132793000,-44816000,-12414000.0,75563000,0,-125325000,-110720000,0,0,914655000,-781862000,-39951000,-71941000,0.0,-72831875,2368993000,2368993000,-0.0058,-0.018,-0.0086,-0.009,0.0309,0.0309,-0.0127,-0.0079,-0.0221,-0.0351,-0.0218,-0.0143,3.1579,0.3166,0.9115,0.2886,46.1226,-0.3672,-1.0205,-1.6197,-0.6613,21.7778,21.7778,2442411720,4381473720,-55.4199,1.0309,1.0309,0.1283,-24.8728,-729.2958,-99.4185,1.8495,1.8495,0.2301,-44.6196,-1308.2931,0.3003,-1.2261,-1.1368,-1.4664,-1.894,-2.0592,-1.9528,0.0532,-0.8775,0.3802,0.0705,0.0887,-0.8361,-0.6139,-1.4278,0,0.0004,0.0104,0.0,0.0377,0.0341,0.0,0,-0.0933,1.3237,-0.297,0.0,54000,1939062000,109722000,0.3,2017-08-03,22.26,0,0.02867897233011,0.012280668834393,0.019254867861442,0.013309650475998,-0.026797688869868,-0.13493347053165,-0.037013416985482,4.6819545534705,0.43275863552118,2.029114304253,0.099041638341993,2,FY2017.FQ2
2017-09-29,5478951000,4830832000,648119000,58259000,0,0,2572000,60831000,587288000,0,-36990000,-36990000,907000,551205000,-203979000,347226000,0,-32861000,0,314365000,0,314365000,2.86,2.85,109725000,113882000,80457000,300891000,0,776013000,2310692000,58277000,3445873000,0,3480922000,0,3480922000,0,0,1072662000,7999457000,447623000,91042000,1688420000,6831000,0,49835000,0,8544999.9999996,2292296000,2111356000,46981000,0,46340000,827122000,5324095000,0,0,27952000,-23539000,2259338000,-151547000,563064000,94000.0,2675362000,7999457000,4553584000,3031799000,448676000,80457000,-164371000,-170451000,97994000,325157000.0,88329000,105637000,4220000,-278511000.0,448808000,-46705000,0,-46705000,0,0,0,0,0,0.0,0,-134572000.0,-181277000,0,0,0,0,-101319000,-45077000,-1010000.0,-147406000,0,120125000,-46705000,0,0,100345000,-201664000,667745000,402103000,0.37,346516875,2675362000,2675362000,0.0294,0.0904,0.0435,0.0456,0.1111,0.1111,0.1182,0.1218,0.1071,0.1006,0.0573,0.0733,2.99,0.3344,0.8092,0.2706,48.1107,5.8634,5.1569,4.8401,3.5308,23.4924,23.4924,3055384320,4865849320,13.39,1.142,1.142,0.1527,14.2321,6.6459,21.3243,1.8187,1.8187,0.2433,22.6653,10.5839,0.2139,2.5371,2.4024,3.2597,5.2553,6.4651,5.6279,0.1041,-0.5188,0.0703,0.0714,0.1737,1.6081,0.4362,3.5066,0,0.0002,0.0622,0.1104,0.045,0.0423,0.2958,0,0.1297,1.5032,0.1052,1.2127,26000,1817296000,109748000,0.3,2017-11-02,27.84,0,0.02867897233011,0.012280668834393,0.019254867861442,0.013309650475998,-0.026797688869868,-0.13493347053165,-0.037013416985482,4.6819545534705,0.43275863552118,2.029114304253,0.099041638341993,3,FY2017.FQ3
2017-12-29,6535951000,6206800000,329151000,71353000,0,0,2645000,73998000,255153000,0,-39529000,-39529000,247442000,463066000,-202711000,260355000,0,-18380000,0,241975000,0,241975000,2.19,2.14,110213000,114221000,84848000,573021000,0,952552000,2213797000,63589000,3802959000,0,4102337000,-623124000,3479213000,537000,0,835284000,8117993000,578551000,118515000,1671917000,16608000,0,25066000,0,8288999.9999998,2418946000,2175042000,0,85106000,33155000,502795000,5215044000,0,0,236786000,-25381000,2277739000,-152585000,566295000,94999.0,2902949000,8117993000,4315034000,2796098000,260355000,84848000,-176562000,294489000,-5338000,89591000.0,202180000,-47860000,8740000,-144786000.0,363477000,-39549000,0,-39549000,0,0,0,0,40000,40000.0,0,-37573000.0,-77082000,0,0,0,0,16132000,-47068000,16624000.0,-14312000,0,272083000,-39549000,0,0,198500000,-182368000,340001000,323928000,0.4377,147983125,2902949000,2902412000,0.0515,0.149,0.0751,0.0815,0.1282,0.1282,0.0503,0.052,0.039,0.0708,0.037,0.0495,2.7964,0.3575,0.7549,0.2699,57.2219,2.9766,2.2338,4.0541,2.8359,25.4151,25.4104,3919564700,5521585700,9.431,1.3502,1.3504,0.1799,10.3418,4.9055,13.2858,1.902,1.9024,0.2534,14.5688,6.9106,0.3764,0.797,0.6795,0.8173,2.7402,3.4351,2.9629,0.0899,-0.2321,0.0451,0.065,0.1292,0.3782,0.6201,1.0294,0,0.0074,0.0629,0.0314,0.0388,0.0448,0.1769,0,0.0697,1.5721,0.1401,2.998,818000,1618629000,110566000,0.3,2018-02-23,35.45,0,0.02867897233011,0.012280668834393,0.019254867861442,0.013309650475998,-0.026797688869868,-0.13493347053165,-0.037013416985482,4.6819545534705,0.43275863552118,2.029114304253,0.099041638341993,4,FY2017.FQ4
2018-03-30,5802800000,5641500000,161300000,62800000,0,0,2700000,65500000,95800000,0,-43200000,-43200000,200000,52800000,-11000000,41800000,0,-11400000,0,30400000,0,30400000,0.27,0.27,110820000,115193000,88000000,362963000,0,831055000,2579744000,87973000,3861735000,0,3493021000,0,3493021000,0,0,927607000,8282363000,666806000,126872000,1723168000,4410000,11032000,37938000,0,7463999.9999999,2577690000,2117602000,48002000,0,32459000,590785000,5366538000,0,0,233830000,-25134000,2294692000,-153602000,565944000,94999.0,2915825000,8282363000,4420628000,2788848000,41800000,88000000,121500000,-278300000,-24300000,16900000.0,-164200000,10900000,5100000,-67000000.0,-85400000,-24900000,0,-24900000,0,0,0,0,0,0.0,0,-68400000.0,-93300000,0,-1000000,-1000000,0,-12600000,-45600000,27900000.0,-31300000,0,-210000000,-24900000,0,0,0,-12600000,183800000,-110300000,0.2083,52750000,2915825000,2915825000,0.0581,0.1639,0.0843,0.0919,0.1448,0.1448,0.0277,0.0316,0.0165,0.009,0.0052,-0.019,2.8404,0.352,0.7442,0.262,50.3745,1.5955,0.8316,0.4583,-0.9575,25.3125,25.3125,3766934100,5521573100,7.8958,1.2918,1.2918,0.1649,6.9271,4.2283,11.5737,1.8936,1.8936,0.2418,10.1538,6.1979,0.2204,2.4123,1.8188,56.0917,2.3511,1.9782,1.931,0.0591,0.1858,0.0334,0.1025,0.1606,0.4835,0.773,0.599,0,0.005,0.0607,-0.0578,0.0495,0.0442,0.0,0,0.0,1.4981,1.1111,-1.3647,553000,1759049000,111119000,0.3,2018-05-03,33.9,0,0.02867897233011,0.012280668834393,0.019254867861442,0.013309650475998,-0.026797688869868,-0.13493347053165,-0.037013416985482,4.6819545534705,0.43275863552118,2.029114304253,0.099041638341993,1,FY2018.FQ1
2018-06-29,7444100000,6959900000,484200000,58700000,0,0,2600000,61300000,422900000,0,-43400000,-43400000,3700000,383200000,-95500000,287700000,0,-15600000,0,272100000,0,272100000,2.41,2.37,112876000,116409000,94300000,478329000,0,1034074000,2540277000,55150000,4107830000,0,3560524000,0,3560524000,0,0,878361000,8546715000,637941000,176557000,1623613000,3200000,1298000,27479000,0,7197000.0000006,2477285000,2169910000,44132000,0,58617000,624487000,5374431000,0,0,471958000,-25109000,2308502000,-153618000,570455000,96000.000000004,3172284000,8546715000,4438885000,2897146000,287700000,94300000,-203000000,197500000,32700000,37300000.0,64500000,94800000,7900000,-155900000.0,393300000,-90800000,0,-90800000,0,0,0,0,0,0.0,0,-181100000.0,-271900000,0,0,0,0,51600000,-45900000,-11800000.0,-6100000,0,115300000,-90800000,0,0,64000000,-12400000,517200000,302500000,0.2492,254562500,3172284000,3172284000,0.102,0.2821,0.1479,0.1594,0.231,0.231,0.065,0.0694,0.0568,0.0514,0.0365,0.0406,2.6941,0.3711,0.6989,0.2594,63.9478,4.4429,3.6328,3.2918,2.5985,27.2511,27.2511,4772891900,6464472900,5.5573,1.5045,1.5045,0.1889,5.1979,3.291,7.5269,2.0377,2.0377,0.2558,7.0401,4.4574,0.4837,8.5726,13.9458,4.8092,3.1748,3.4812,3.3465,0.0701,1.7644,0.0298,0.1424,0.339,9.142,0.1799,5.2048,0,0.0243,0.0827,0.0,0.0342,0.0423,0.0172,0,0.0208,1.6581,0.1265,0.0,2711000,1694781000,113830000,0.3,2018-08-02,41.93,0,0.02867897233011,0.012280668834393,0.019254867861442,0.013309650475998,-0.026797688869868,-0.13493347053165,-0.037013416985482,4.6819545534705,0.43275863552118,2.029114304253,0.099041638341993,2,FY2018.FQ2
2018-09-28,7646300000,7333900000,312400000,69900000,0,0,0,69900000,242500000,0,-42300000,-42300000,53600000,253800000,-61300000,192500000,0,-12900000,0,179600000,0,179600000,1.53,1.5,117029000,120405000,95400000,1059200000,0,1067811000,2561106000,61489000,4749606000,0,3597266000,0,3597266000,0,0,868538000,9215410000,483127000,123174000,2000201000,0,1242000,33737000,0,7172999.9999998,2648654000,2133331000,42558000,0,122406000,623100000,5570049000,0,0,615540000,-24934000,2631191000,-153968000,577427000,105000.00000002,3645361000,9215410000,4465804000,2921395000,192500000,95400000,-33800000,33900000,-6300000,151700000.0,145500000,53500000,5600000,-80200000.0,412300000,-76500000,0,-76500000,0,0,0,0,0,0.0,0,21900000.0,-54600000,0,-400000,-400000,0,-38900000,-48700000,311200000.0,223200000,0,580900000,-76500000,0,0,0,-38900000,337900000,335800000,0.2415,143500000,3645361000,3645361000,0.0815,0.2124,0.1171,0.1338,0.1608,0.1608,0.0408,0.0441,0.0317,0.0331,0.0234,0.0439,2.5279,0.3955,0.5968,0.2361,63.5048,2.8063,2.014,2.1078,2.7889,30.2758,30.2758,5986804320,7060935320,8.2682,1.6423,1.6423,0.2182,7.0273,5.1929,9.7516,1.9369,1.9369,0.2574,8.2881,6.1246,0.3955,-0.5179,-0.4939,-0.587,-0.5395,-0.4286,-0.4736,0.0572,2.5202,0.0334,0.152,0.3625,-0.0813,-0.6379,-0.1648,0,0.0537,0.1056,0.0,0.0407,0.06,0.0,0,0.0,1.7932,0.2,0.0,6122000,1074131000,119952000,0.3,2018-10-31,49.91,0,0.02867897233011,0.012280668834393,0.019254867861442,0.013309650475998,-0.026797688869868,-0.13493347053165,-0.037013416985482,4.6819545534705,0.43275863552118,2.029114304253,0.099041638341993,3,FY2018.FQ3
2018-12-31,6292900000,6642900000,-350000000,85600000,0,0,10600000,96200000,-446200000,0,-41000000,-41000000,6200000,-481000000,134300000,-346700000,0,-7100000,0,-353800000,0,-353800000,-2.97,-2.97,119967000,122969000,100900000,597300000,0,718200000,1865800000,55600000,3236900000,0,4605900000,-785000000,3820900000,25600000,0,922000000,8005400000,488400000,149400000,1430700000,0,2400000,25700000,0,37900000.0,2134500000,1931300000,0,94300000,40400000,556400000,4756900000,0,0,225800000,-22400000,2633800000,-160800000,572000000,99999.0,3248500000,8005400000,4768500000,2622400000,-346700000,100900000,349600000,43600000,8000000,-525900000.0,-124700000,-140400000,7400000,621300000.0,117800000,-125300000,0,-125300000,0,0,0,0,0,0.0,0,-140500000.0,-265800000,0,-6800000,-6800000,0,-245300000,-49100000,-12700000.0,-313900000,0,-461900000,-125300000,0,0,106000000,-351300000,-345300000,-7500000,0.0,-283312500,3248500000,3222900000,0.0149,0.0372,0.0211,0.0244,0.0506,0.0507,-0.0556,-0.0548,-0.0709,-0.0764,-0.0562,-0.0011,2.4643,0.4057,0.5945,0.2412,51.1746,-2.808,-3.6285,-3.9115,-0.0609,26.4172,26.209,3916283580,5250283580,30.5244,1.2055,1.2151,0.144,7.524,18.7561,40.9219,1.6162,1.629,0.1931,10.087,25.145,-0.0371,-2.0633,-2.0155,-2.7487,-2.0387,-2.4621,-2.3878,0.0765,0.0423,0.0982,-0.0138,0.119,-0.6759,-2.1682,-1.0231,0,-0.0006,0.0501,0.0,0.0136,0.0408,0.0,0,-0.0674,1.5164,-0.101,0.0,-78000,1334000000,119874000,0.3,2019-02-21,32.67,0,0.02867897233011,0.012280668834393,0.019254867861442,0.013309650475998,-0.026797688869868,-0.13493347053165,-0.037013416985482,4.6819545534705,0.43275863552118,2.029114304253,0.099041638341993,4,FY2018.FQ4
2019-03-29,5216200000,4791200000,425000000,57600000,0,0,2800000,60400000,364600000,0,-39500000,-39500000,-3200000,321900000,-80500000,241400000,0,-12200000,0,229200000,0,229200000,1.91,1.89,119881000,122176000,108600000,418300000,0,869400000,2566500000,125100000,3979300000,0,4121400000,0,4121400000,0,0,1025400000,9126100000,556200000,129300000,1729600000,0,83500000,67200000,0,41100000.0,2606900000,2143600000,209900000,0,70400000,648500000,5679300000,0,0,419100000,-22200000,2722500000,-161800000,489100000,100000.00000036,3446800000,9126100000,5146800000,3072400000,241400000,108600000,-151200000,-194700000,-69500000,306500000.0,-108900000,78500000,8000000,-477500000.0,-149900000,-105400000,0,-105400000,0,0,0,0,0,0.0,0,-155200000.0,-260600000,0,-1000000,-1000000,0,252300000,-49100000,29300000.0,231500000,0,-179000000,-105400000,0,0,591000000,-338700000,473200000,-255300000,0.25,220250000,3446800000,3446800000,0.0381,0.0977,0.0543,0.0593,0.0942,0.0944,0.0814,0.0907,0.0698,0.0617,0.0439,-0.0489,2.6477,0.3776,0.6828,0.2578,42.6941,3.8731,2.9842,2.6347,-2.0896,28.2117,28.2117,3732066720,5457366720,11.4095,1.0827,1.0827,0.1403,9.9389,7.8093,16.684,1.5833,1.5833,0.2051,14.5335,11.4194,-0.101,1.6348,1.5745,2.8058,5.0965,6.5394,6.0,0.0606,0.1524,0.1798,0.1018,0.1821,-0.7552,-3.2329,-1.3145,0,-0.0002,0.0145,0.1595,0.0202,0.0422,0.0,0,0.0,1.5264,0.1587,0.7149,-26000,1725300000,119848000,0.3,2019-05-01,31.14,0,0.02867897233011,0.012280668834393,0.019254867861442,0.013309650475998,-0.026797688869868,-0.13493347053165,-0.037013416985482,4.6819545534705,0.43275863552118,2.029114304253,0.099041638341993,1,FY2019.FQ1
2019-06-28,6560000000,6493200000,66800000,53600000,0,0,2900000,56500000,10300000,0,-42100000,-42100000,-300000,-32100000,10500000,-21600000,0,-10600000,0,-32200000,0,-32200000,-0.27,-0.27,119182000,119182000,109800000,204100000,0,989800000,2314400000,90700000,3599000000,0,4156000000,0,4156000000,0,0,1054700000,8809700000,444200000,132900000,1671100000,0,81500000,26700000,0,41400000.000001,2397800000,1984900000,200600000,0,60100000,653200000,5296600000,0,0,350800000,-21700000,2800400000,-162200000,545700000,99999.0,3513100000,8809700000,5210700000,2898800000,-21600000,109800000,-120400000,70100000,34400000,-165800000.0,-181700000,-10300000,12000000,214300000.0,122500000,-100700000,0,-100700000,0,0,0,0,0,0.0,0,-140600000.0,-241300000,0,-400000,-400000,0,-160800000,-54200000,120000000.0,-95400000,0,-214200000,-100700000,0,0,855000000,-1015800000,120100000,21800000,0.0,-187500,3513100000,3513100000,0.0025,0.0065,0.0036,0.0038,0.0264,0.0264,0.0101,0.0183,0.0015,-0.0048,-0.0049,0.0033,2.5076,0.3987,0.6221,0.248,55.0418,1.0077,0.0864,-0.2693,0.1829,29.4767,29.4767,3752682200,5533482200,164.5913,1.0681,1.0681,0.1459,39.5852,59.947,242.6965,1.575,1.575,0.2151,58.37,88.3942,-0.1187,-0.862,-0.7677,-0.9756,-1.0837,-1.1183,-1.1139,0.0238,-0.5733,0.1672,0.0307,0.1074,-0.6885,-0.109,-0.9279,0,0.0003,0.0328,0.0,0.0145,0.0317,-0.1805,0,-0.0738,1.5009,-1.1111,0.0,46000,1780800000,119894000,0.3,2019-08-01,31.3,0,0.02867897233011,0.012280668834393,0.019254867861442,0.013309650475998,-0.026797688869868,-0.13493347053165,-0.037013416985482,4.6819545534705,0.43275863552118,2.029114304253,0.099041638341993,2,FY2019.FQ2
2019-09-30,6430500000,6244400000,186100000,64700000,0,0,2100000,66800000,119300000,0,-39700000,-39700000,28700000,108300000,-22000000,86300000,0,-16800000,0,69500000,0,69500000,0.58,0.57,119921000,121589000,112900000,536300000,0,879800000,2130400000,56400000,3602900000,0,4306900000,0,4306900000,0,0,1007600000,8917400000,521200000,116700000,1537500000,0,78200000,17200000,0,41300000.0,2312100000,2017100000,299300000,0,81500000,653100000,5363100000,0,0,384300000,-21300000,2806800000,-162200000,546600000,99999.0,3554300000,8917400000,5314500000,3051000000,86300000,112900000,110000000,137000000,33100000,-55300000.0,224800000,21400000,8400000,5800000.0000001,459600000,-102900000,0,-102900000,0,0,0,0,0,0.0,0,11300000.0,-91600000,0,1400000,1400000,0,26800000,-52800000,-11200000.0,-35800000,0,332200000,-102900000,0,0,132000000,-105200000,232200000,356700000,0.2031,64062500,3554300000,3554300000,-0.0098,-0.0247,-0.0137,-0.0146,0.0073,0.0073,0.0289,0.0361,0.0185,0.0168,0.0108,0.0554,2.5089,0.3985,0.6517,0.2597,52.8871,1.9097,0.9811,0.8907,2.9336,29.232,29.232,3260162570,4740962570,-37.3443,0.9172,0.9172,0.133,28.1777,-39.3264,-54.3065,1.3338,1.3338,0.1935,40.9763,-57.1889,-0.159,-0.4042,-0.3128,-0.508,-0.5732,-0.613,-0.62,0.0098,-0.4936,0.1972,-0.0323,-0.0249,0.1147,-0.345,0.0622,0,0.0001,0.0306,0.0,0.0172,0.0353,0.0,0,0.0,1.5582,0.5263,0.0,9000,1480800000,119903000,0.3,2019-10-31,27.19,0,0.02867897233011,0.012280668834393,0.019254867861442,0.013309650475998,-0.026797688869868,-0.13493347053165,-0.037013416985482,4.6819545534705,0.43275863552118,2.029114304253,0.099041638341993,3,FY2019.FQ3
2019-12-31,6301500000,6066300000,235200000,108100000,0,0,3000000,111100000,124100000,0,-38300000,-38300000,-4400000,81400000,-12300000,69100000,0,-16100000,0,53000000,0,53000000,0.44,0.44,119858000,121798000,116200000,814900000,0,835000000,2122200000,51600000,3823700000,0,5319400000,-965600000,4353800000,24300000,0,930600000,9132400000,601400000,98600000,1695900000,0,78600000,21900000,0,12800000.0,2509200000,2017300000,299100000,91300000,96900000,533100000,5546900000,0,0,401200000,-8300000,2812300000,-165700000,545900000,99999.0,3585500000,9132400000,5308700000,3037700000,69100000,116200000,45500000,-18700000,4700000,205100000.0,236600000,14100000,8900000,56400000.0,501300000,-95900000,0,-95900000,0,0,0,0,0,0.0,0,-23200000.0,-119100000,0,-4900000,-4900000,0,1700000,-53100000,-47300000.0,-103600000,0,278600000,-95900000,0,0,0,1700000,240300000,405400000,0.1511,67500000,3585500000,3561200000,0.0354,0.0894,0.0496,0.0554,0.0934,0.0936,0.0373,0.0381,0.0196,0.0129,0.0084,0.0643,2.547,0.3926,0.646,0.2536,51.7373,1.9729,1.0189,0.6683,3.3284,29.438,29.2385,3758282850,4960682850,11.763,1.0481,1.0553,0.1533,7.1098,7.8379,15.5263,1.3835,1.3929,0.2024,9.3845,10.3455,0.0013,1.672,1.6959,1.2781,1.1692,1.1498,1.1481,-0.0095,0.3643,0.1394,0.1407,0.1037,3.2555,0.2346,55.0533,0,-0.0008,0.023,0.0,0.0201,0.0423,0.0,0,0.2916,1.5238,0.6818,0.0,-98000,1202400000,119805000,0.3,2020-02-20,31.37,0,0.02867897233011,0.012280668834393,0.019254867861442,0.013309650475998,-0.026797688869868,-0.13493347053165,-0.037013416985482,4.6819545534705,0.43275863552118,2.029114304253,0.099041638341993,4,FY2019.FQ4
2020-03-31,5277500000,6611700000,-1334200000,82500000,0,0,2900000,85400000,-1419600000,0,-49200000,-49200000,31700000,-1437100000,374600000,-1062500000,0,-3400000,0,-1065900000,0,-1065900000,-8.93,-8.93,119380000,119380000,123000000,722100000,0,439100000,986500000,162000000,2309700000,0,5410700000,0,5410700000,0,0,1413700000,9134100000,437100000,142400000,1287900000,0,92200000,73100000,0,13200000.0,2045900000,3510200000,358500000,0,44800000,695200000,6654600000,0,0,-700600000,-11100000,2825600000,-165700000,531200000,100000.00000036,2479500000,9134100000,6824400000,4608700000,-1062500000,123000000,396000000,74300000,-46600000,-554900000.0,-131200000,-363200000,9600000,1188500000.0,-235800000,-65300000,0,-65300000,-1176200000,0,-1176200000,0,0,0.0,0,-73700000.0,-1315200000,0,0,0,0,1478100000,-53000000,33100000.0,1458200000,0,-92800000,-65300000,0,0,2250000000,-771900000,-1296600000,-301100000,0.0,-889375000,2479500000,2479500000,-0.1068,-0.3217,-0.1464,-0.1654,-0.17,-0.1703,-0.2528,-0.2456,-0.2689,-0.2723,-0.2019,-0.057,3.6838,0.2714,1.5602,0.4235,44.2075,-10.8611,-11.8914,-12.038,-2.5221,20.7698,20.7698,849507960,3637607960,-0.8707,0.3426,0.3426,0.0345,1.7595,-0.6639,-3.7285,1.467,1.467,0.148,7.5343,-2.8429,0.0117,-4.1392,-3.74,-4.8935,-5.4644,-5.6505,-5.7248,-0.0228,0.7262,0.3128,0.0008,-0.2806,-0.573,0.3804,-0.1793,0,0.0015,-0.0037,0.0,0.0133,-0.0075,0.0,0,0.0,1.1289,-0.0335,0.0,182000,2788100000,119987000,0.3,2020-05-15,7.08,0,0.02867897233011,0.012280668834393,0.019254867861442,0.013309650475998,-0.026797688869868,-0.13493347053165,-0.037013416985482,4.6819545534705,0.43275863552118,2.029114304253,0.099041638341993,1,FY2020.FQ1
2020-06-30,2515800000,2317500000,198300000,57900000,0,0,2800000,60700000,137600000,0,-65500000,-65500000,479200000,551300000,-138300000,413000000,0,-23900000,0,389100000,0,389100000,3.24,3.23,120011000,121429000,131000000,1225200000,0,429000000,1620200000,112700000,3387100000,0,5477700000,0,5477700000,0,0,1208500000,10073300000,423400000,121400000,1288800000,0,161400000,28500000,0,13700000.0,2037200000,4060700000,359400000,0,41300000,685000000,7183600000,0,0,-311500000,-10800000,2832700000,-165700000,544900000,99999.0,2889700000,10073300000,6686200000,5146400000,413000000,131000000,10000000,-49500000,-9100000,-29700000.0,-78300000,138100000,9100000,-1005900000.0,-393000000,-55100000,0,-55100000,0,0,0,0,0,0.0,0,436700000.0,381600000,0,0,0,0,560100000,-9800000,-35800000.0,514500000,0,503100000,-55100000,0,0,1000000000,-439900000,268600000,-448100000,0.2508,71062500,2889700000,2889700000,-0.0577,-0.2064,-0.0752,-0.0866,-0.1373,-0.1373,0.0788,0.1067,0.0546,0.2191,0.1546,-0.1781,3.4859,0.2868,1.5296,0.4387,20.7182,2.2119,1.1331,4.5401,-3.6902,23.7974,23.7974,1229137920,4064637920,-2.2174,0.4253,0.4253,0.0598,95.282,-1.7657,-7.3329,1.4065,1.4065,0.198,315.0882,-5.8391,-0.6164,1.9685,1.2364,12.3592,18.1744,13.0838,12.9629,0.0188,5.0029,0.318,0.1434,-0.1774,-4.2081,0.4528,-21.555,-1,0.0003,-0.091,0.042,0.0218,-0.0004,0.0,0,0.0,1.6626,0.0,-0.5276,46000,2835500000,120033000,0.0,2020-07-31,10.24,0,0.02867897233011,0.012280668834393,0.019254867861442,0.013309650475998,-0.026797688869868,-0.13493347053165,-0.037013416985482,4.6819545534705,0.43275863552118,2.029114304253,0.099041638341993,2,FY2020.FQ2
2020-09-30,3667500000,3980800000,-313300000,46600000,0,0,2700000,49300000,-362600000,0,-70400000,-70400000,270800000,-162200000,-235600000,-397800000,0,-19400000,0,-417200000,0,-417200000,-3.49,-3.49,119684000,119684000,137900000,1282600000,0,464600000,1485600000,79800000,3312600000,0,5899600000,0,5899600000,0,0,979100000,10191300000,212700000,122400000,1480400000,0,99700000,28500000,0,12200000.0,1955900000,4324500000,928800000,0,94000000,397300000,7700500000,0,0,-728700000,-10500000,2841500000,-167000000,555400000,99999.0,2490800000,10191300000,6878700000,5744600000,-397800000,137900000,-35600000,144500000,32900000,-32900000.0,108900000,-16600000,10400000,-6600000.0000001,-163800000,-37600000,0,-37600000,0,0,0,0,0,0.0,0,-19100000.0,-56700000,0,0,0,0,311900000,-9700000,-24300000.0,277900000,0,57400000,-37600000,0,0,351900000,-40000000,-224700000,-201400000,0.0,-238750000,2490800000,2490800000,-0.1027,-0.3869,-0.1288,-0.1525,-0.1868,-0.1868,-0.0854,-0.0612,-0.0988,-0.0442,-0.1137,-0.0549,4.0915,0.2444,2.109,0.5154,30.6431,-1.8774,-3.0296,-1.3552,-1.6827,20.8114,20.8114,683664880,3725564880,-0.6567,0.2744,0.2744,0.0384,-1.2539,-0.7072,-3.5788,1.4957,1.4957,0.2097,-6.8333,-3.8542,-0.4296,-2.6835,-1.9677,-4.0393,-2.4976,-7.0028,-7.1228,-0.0156,1.3915,0.3698,0.1428,-0.2992,-1.3563,0.6345,-1.5646,0,0.0009,-0.0448,0.0,0.0209,-0.0156,0.0,0,0.0,1.6936,0.0,0.0,119000,3041900000,120152000,0.0,2020-10-29,5.69,0,0.02867897233011,0.012280668834393,0.019254867861442,0.013309650475998,-0.026797688869868,-0.13493347053165,-0.037013416985482,4.6819545534705,0.43275863552118,2.029114304253,0.099041638341993,3,FY2020.FQ3
2020-12-31,3655100000,3835600000,-180500000,61500000,0,0,2900000,64400000,-244900000,0,-73100000,-73100000,34800000,-283200000,-2800000,-286000000,0,-12400000,0,-298400000,0,-298400000,-2.49,-2.49,119788000,120758000,189200000,1609500000,0,512900000,1686200000,58800000,3867400000,0,6968300000,-1208100000,5760200000,10100000,0,862100000,10499800000,407000000,120100000,1761200000,0,92800000,51200000,0,19200000.0,2451500000,4551100000,926800000,95500000,99600000,173000000,8297500000,0,0,-1027100000,-9100000,2846200000,-167300000,559500000,100000.00000036,2202300000,10499800000,6632400000,5846000000,-286000000,189200000,-48300000,222900000,21000000,490900000.0,686500000,-130200000,5100000,-303600000.0,161000000,-38200000,0,-38200000,0,0,0,0,0,0.0,0,2000000.0,-36200000,0,0,0,0,232300000,-9700000,-20500000.0,202100000,0,326900000,-38200000,0,0,250600000,-18300000,-55700000,122800000,0.0,-160812500,2202300000,2192200000,-0.1345,-0.5933,-0.1683,-0.204,-0.232,-0.2322,-0.0493,-0.0152,-0.067,-0.0774,-0.0816,0.0335,4.7676,0.2097,2.4873,0.5217,30.2679,-0.4612,-2.028,-2.3451,1.0169,18.2373,18.1536,852724200,3794324200,-0.6124,0.3871,0.3889,0.0564,-1.0301,-0.6405,-2.725,1.7228,1.7308,0.251,-4.5836,-2.8503,-0.4199,-1.7674,-1.2317,-2.9734,-4.4791,-6.6301,-6.659,-0.0085,0.975,0.323,0.1497,-0.3857,-0.6788,0.6016,-0.697,0,-0.0004,-0.0686,0.0,0.0207,-0.0358,-0.0862,0,-0.0854,1.5775,0.0,0.0,-50000,2941600000,120102000,0.0,2021-02-18,7.1,0,0.02867897233011,0.012280668834393,0.019254867861442,0.013309650475998,-0.026797688869868,-0.13493347053165,-0.037013416985482,4.6819545534705,0.43275863552118,2.029114304253,0.099041638341993,4,FY2020.FQ4
2021-03-31,4924800000,4786400000,138400000,47800000,0,0,3400000,51200000,87200000,0,-80300000,-80300000,-37500000,-30600000,8400000,-22200000,0,-19100000,0,-41300000,0,-41300000,-0.34,-0.34,119926000,120906000,121700000,1541200000,0,863500000,2312400000,137700000,4854800000,0,5569200000,0,5569200000,0,0,846100000,11270100000,710600000,120700000,2448900000,5600000,74900000,26700000,0,11900000.0,3399300000,4539800000,778500000,0,91900000,284500000,9094000000,0,0,-1068400000,-9500000,2852700000,-168200000,569400000,100000.00000036,2176100000,11270100000,6415300000,5694700000,-22200000,121700000,-350600000,-220600000,-78900000,882500000.0,232400000,-7700000,7400000,-345300000.0,-13700000,-37400000,0,-37400000,0,0,0,0,0,0.0,0,-23100000.0,-60500000,0,0,0,0,-20300000,-9700000,35900000.0,5900000,0,-68300000,-37400000,0,0,0,-20300000,208900000,-51100000,0.0,42562500,2176100000,2176100000,-0.0337,-0.168,-0.0451,-0.0559,-0.048,-0.048,0.0281,0.0424,0.0177,-0.0062,-0.0083,-0.0103,5.179,0.193,2.4465,0.4723,40.7324,1.7277,0.7212,-0.253,-0.4226,17.9982,17.9982,1700561150,4699161150,-4.6236,0.7814,0.7814,0.1151,-2.9431,22.5838,-12.7764,2.1594,2.1594,0.3183,-8.1328,62.4058,-0.0668,1.1037,1.1611,1.0614,0.9787,0.9612,0.9619,0.0127,1.1343,0.0292,0.2338,-0.1223,0.9418,0.4272,0.8302,0,0.0006,-0.043,0.0,0.0203,-0.0502,0.0,0,0.0,1.4281,0.0,0.0,79000,3004200000,120181000,0.0,2021-04-29,14.15,0,0.02867897233011,0.012280668834393,0.019254867861442,0.013309650475998,-0.026797688869868,-0.13493347053165,-0.037013416985482,4.6819545534705,0.43275863552118,2.029114304253,0.099041638341993,1,FY2021.FQ1
2021-06-30,6897900000,6696100000,201800000,55000000,0,0,3300000,58300000,143500000,0,-80800000,-80800000,11700000,74400000,-4500000,69900000,0,-22000000,0,47900000,0,47900000,0.4,0.39,120230000,121916000,119200000,1479700000,0,1007800000,2636200000,142800000,5266500000,0,5576000000,0,5576000000,0,0,811700000,11654200000,783300000,127600000,2715100000,3700000,78100000,30900000,0,12300000.0,3751000000,4517800000,770800000,0,96100000,271600000,9407300000,0,0,-1020500000,-9200000,2862500000,-168500000,582500000,99999.0,2246900000,11654200000,6387700000,5656300000,69900000,119200000,-144300000,-59800000,-5100000,311000000.0,101800000,4200000,10400000,-227100000.0,78400000,-47200000,0,-47200000,0,0,0,0,0,0.0,0,-31900000.0,-79100000,0,0,0,0,-30500000,-10500000,-19800000.0,-60800000,0,-61500000,-47200000,0,0,0,-30500000,262700000,31200000,0.0604,75937500,2246900000,2246900000,-0.0618,-0.3205,-0.0875,-0.1076,-0.0477,-0.0477,0.0292,0.038,0.0208,0.0107,0.0069,0.0045,5.1867,0.1927,2.3553,0.4541,56.5791,2.1547,1.177,0.6102,0.2559,18.4299,18.4299,1839794400,4877894400,-2.5949,0.8188,0.8188,0.096,-18.6781,-4.5811,-6.8799,2.1709,2.1709,0.2547,-49.5217,-12.1461,1.7418,0.0176,-0.0219,0.0428,-0.865,-0.8768,-0.8792,0.004,0.2077,0.0179,0.1569,-0.2224,1.1994,0.1433,1.0696,0,0.0005,0.0092,0.0,0.0382,-0.0361,0.0,0,-0.0398,1.404,0.0,0.0,67000,3041800000,120248000,0.0,2021-07-29,15.3,0,0.02867897233011,0.012280668834393,0.019254867861442,0.013309650475998,-0.026797688869868,-0.13493347053165,-0.037013416985482,4.6819545534705,0.43275863552118,2.029114304253,0.099041638341993,2,FY2021.FQ2
2021-09-30,7186700000,7018000000,168700000,64100000,0,0,3400000,67500000,101200000,0,-82000000,-82000000,79800000,99000000,-20300000,78700000,0,-19600000,0,59100000,0,59100000,0.49,0.49,120268000,121354000,120300000,1472500000,0,1056800000,2831400000,125800000,5486500000,0,5566200000,0,5566200000,0,0,791500000,11844200000,461200000,120600000,3394400000,89100000,75000000,46400000,0,12900000.000001,4199600000,4247600000,717500000,0,108100000,249300000,9522100000,0,0,-961400000,-9000000,2868000000,-168500000,592900000,99999.0,2322100000,11844200000,6357700000,5322500000,78700000,120300000,-49000000,-195200000,17000000,331600000.0,104400000,12000000,6900000,-61300000.0,261000000,-57400000,0,-57400000,0,0,0,0,0,0.0,0,-30200000.0,-87600000,0,0,0,0,-131300000,-9800000,-39500000.0,-180600000,0,-7200000,-57400000,0,0,0,-131300000,221500000,203600000,0.205,51000000,2322100000,2322100000,-0.0198,-0.1018,-0.0289,-0.0354,0.0111,0.0111,0.0234,0.0308,0.014,0.0137,0.0082,0.0283,5.1006,0.196,2.1765,0.4267,59.2209,1.8252,0.8339,0.8157,1.6777,19.1349,19.1349,1559590620,4334690620,-6.7021,0.6716,0.6716,0.0688,5.0883,-11.1081,-18.6278,1.8667,1.8667,0.1912,14.1425,-30.8738,0.9595,1.5384,1.9857,1.279,1.6103,1.1416,1.1404,0.0139,0.148,-0.0565,0.1621,-0.0677,2.5934,-0.5265,2.0109,0,0.0,0.0325,-0.1262,0.0264,-0.0387,0.0,0,0.0,1.3064,0.0,0.5307,-2000,2864200000,120246000,0.0,2021-10-28,12.97,0,0.02867897233011,0.012280668834393,0.019254867861442,0.013309650475998,-0.026797688869868,-0.13493347053165,-0.037013416985482,4.6819545534705,0.43275863552118,2.029114304253,0.099041638341993,3,FY2021.FQ3
2021-12-31,8244000000,7865700000,378300000,80400000,0,0,3200000,83600000,294700000,0,-74400000,-74400000,-35500000,184800000,4300000,189100000,0,-23800000,0,165300000,0,165300000,1.37,1.36,120269000,125731000,122600000,1341500000,0,1277600000,2505100000,75000000,5199200000,0,7052800000,-1433500000,5619300000,9600000,0,813300000,11641400000,911700000,112700000,2598200000,0,76000000,46200000,0,14900000.0,3759700000,4237400000,699400000,65200000,111400000,235500000,9108600000,0,0,-796100000,17300000,2874000000,-169100000,606600000,100000.00000036,2532800000,11641400000,6442200000,5348900000,189100000,122600000,-220800000,326300000,50800000,-326300000.0,-170000000,51500000,10900000,-52500000.0,151600000,-107100000,0,-107100000,0,0,0,0,0,0.0,0,-54200000.0,-161300000,0,0,0,0,-89900000,-9700000,-21700000.0,-121300000,0,-131000000,-107100000,0,0,0,-89900000,417300000,44500000,0.0,169312500,2532800000,2523200000,0.0196,0.0951,0.0287,0.0349,0.0802,0.0803,0.0458,0.0506,0.0357,0.0224,0.02,0.0053,4.5962,0.2175,1.9491,0.424,65.5685,3.3189,2.3438,1.4698,0.3539,20.1445,20.0682,1560550400,4456450400,6.7556,0.6161,0.6184,0.0572,6.8385,4.7635,19.2919,1.7594,1.7661,0.1635,19.5287,13.6033,1.2554,3.0958,8.4919,2.2033,1.6525,1.5539,1.5461,0.0411,-0.1665,-0.0244,0.1087,0.15,-0.0583,-1.8036,-0.6376,0,0.0006,0.0231,0.0,0.0282,-0.0321,0.0739,0,0.0215,1.3828,0.0,0.0,74000,2895900000,120320000,0.0,2022-02-17,12.97,0,0.02867897233011,0.012280668834393,0.019254867861442,0.013309650475998,-0.026797688869868,-0.13493347053165,-0.037013416985482,4.6819545534705,0.43275863552118,2.029114304253,0.099041638341993,4,FY2021.FQ4
2022-03-31,9141700000,8944900000,196800000,53500000,0,0,1900000,55400000,141400000,0,-78400000,-78400000,-72400000,-9400000,6100000,-3300000,0,-17800000,0,-21100000,0,-21100000,-0.18,-0.18,120339000,120339000,124600000,1434600000,0,1815100000,2893500000,236400000,6379600000,0,5674900000,0,5674900000,0,0,893800000,12948300000,1625100000,103500000,3173200000,29900000,81700000,57600000,0,14700000.000001,5085700000,4215300000,672600000,0,105600000,343000000,10422200000,0,0,-817200000,16300000,2882000000,-170200000,615100000,99999.0,2526100000,12948300000,6568700000,5336500000,-3300000,124600000,-537500000,-388400000,-161100000,1230600000.0,143600000,13200000,7700000,26500000.0,312300000,-118300000,0,-118300000,0,0,0,0,0,0.0,0,-107200000.0,-225500000,0,0,0,0,-28000000,-9800000,44100000.0,6300000,0,93100000,-118300000,0,0,0,-28000000,266000000,194000000,0.0,77250000,2526100000,2526100000,0.0204,0.0993,0.0311,0.0376,0.0863,0.0863,0.0215,0.029,0.0154,-0.001,-0.0023,0.0212,5.1258,0.195,1.9467,0.3798,75.9662,2.2104,1.175,-0.0781,1.6121,20.9915,20.9915,2939460660,5720160660,11.7016,1.1636,1.1636,0.0934,6.2105,8.4273,22.7713,2.2644,2.2644,0.1817,12.0856,16.3995,0.8562,0.4219,0.2733,0.6215,0.6928,0.4891,0.4705,-0.0046,-0.0691,0.0189,0.1489,0.1608,23.7956,-2.1631,4.7964,0,0.0024,0.0358,0.0,0.038,-0.0335,-0.059,0,-0.0379,1.2544,0.0,0.0,298000,2810600000,120618000,0.0,2022-04-28,24.37,0,0.02867897233011,0.012280668834393,0.019254867861442,0.013309650475998,-0.026797688869868,-0.13493347053165,-0.037013416985482,4.6819545534705,0.43275863552118,2.029114304253,0.099041638341993,1,FY2022.FQ1
2022-06-30,14077700000,12138200000,1939500000,153200000,0,0,1900000,155100000,1784400000,0,-85500000,-85500000,-331800000,1367100000,-131300000,1235800000,0,-32100000,0,1203700000,0,1203700000,9.93,9.65,121268000,125658000,128400000,2174300000,0,1967500000,2976300000,214200000,7332300000,0,5712900000,0,5712900000,0,0,930500000,13975700000,1341700000,180100000,3811300000,1256600000,78000000,90700000,0,14400000.0,6772800000,2012700000,627700000,0,171600000,604400000,10189200000,0,0,386500000,15700000,2915800000,-170500000,638900000,99999.0,3786500000,13975700000,6643400000,3416400000,1235800000,128400000,-152400000,-82900000,22000000,346000000.0,132700000,333500000,10300000,116000000.0,1956700000,-108200000,0,-108200000,0,0,0,0,0,0.0,0,-103200000.0,-211400000,0,0,0,0,-973600000,-9800000,-22200000.0,-1005600000,0,739700000,-108200000,0,0,0,-973600000,1912800000,1848500000,0.096,1095187500,3786500000,3786500000,0.1045,0.4457,0.1717,0.2203,0.2839,0.2839,0.1377,0.1358,0.1267,0.0971,0.0855,0.1313,3.6909,0.2709,1.0291,0.2788,112.0318,15.2222,14.2004,10.8795,14.7105,30.1333,30.1333,3538234480,3376634480,2.5147,0.9344,0.9344,0.0915,1.5446,2.1554,2.3998,0.8917,0.8917,0.0873,1.4741,2.057,1.0408,8.611,6.2813,11.4348,17.375,24.1294,23.7435,0.0306,0.4694,0.0245,0.1991,0.6852,23.9579,-1.2923,58.2467,0,0.0108,0.0836,0.3617,0.0434,0.0054,0.1638,0,0.1458,1.0826,0.0,0.0695,1306000,1095000000,121924000,0.0,2022-07-28,29.02,0,0.02867897233011,0.012280668834393,0.019254867861442,0.013309650475998,-0.026797688869868,-0.13493347053165,-0.037013416985482,4.6819545534705,0.43275863552118,2.029114304253,0.099041638341993,2,FY2022.FQ2
2022-09-30,12764600000,11191400000,1573200000,168200000,0,0,2000000,170200000,1403000000,0,-52700000,-52700000,-75000000,1275300000,-191100000,1084200000,0,-27800000,0,1056400000,0,1056400000,8.65,8.4,122114000,126586000,135900000,1908600000,0,1630200000,2689500000,343600000,6571900000,0,5819200000,0,5819200000,0,0,913200000,13304300000,912300000,200300000,3620500000,523800000,74000000,78000000,0,14999999.999999,5423900000,1447700000,615400000,0,276900000,663900000,8427800000,0,0,1442900000,15100000,2930700000,-170600000,658300000,100000.00000036,4876500000,13304300000,6732400000,3003900000,1084200000,135900000,337300000,286900000,-129500000,-518500000.0,-23800000,107000000,6900000,69700000.0,1379900000,-165000000,0,-165000000,0,0,0,0,0,0.0,0,-81800000.0,-246800000,0,0,0,0,-1340200000,-9900000,-48700000.0,-1398800000,0,-265700000,-165000000,0,0,400000000,-1740200000,1538900000,1214900000,0.1498,859500000,4876500000,4876500000,0.1762,0.555,0.2924,0.389,0.4297,0.4297,0.1232,0.1205,0.1099,0.0999,0.0827,0.0951,2.7282,0.3665,0.5304,0.1944,100.8373,12.1569,11.0833,10.0745,9.5974,38.5232,38.5232,4300208640,3839308640,1.7885,0.8818,0.8818,0.0972,1.3023,1.526,1.5968,0.7873,0.7873,0.0868,1.1627,1.3625,0.7761,8.3254,5.9476,12.8636,11.8818,16.8747,16.1428,0.0431,0.2961,0.0454,0.1232,1.1,4.2869,-1.8745,4.967,0,0.0031,0.0923,0.0,0.0383,0.0699,0.0,0,0.0,1.2116,0.0,0.0,380000,62900000,122304000,0.0,2022-10-27,35.16,0,0.02867897233011,0.012280668834393,0.019254867861442,0.013309650475998,-0.026797688869868,-0.13493347053165,-0.037013416985482,4.6819545534705,0.43275863552118,2.029114304253,0.099041638341993,3,FY2022.FQ3
