period_end_date,income_tax,revenue,other_opex,sga,eps_basic,other_income_statement_items,other_nonoperating_income,eps_diluted,shares_diluted,da_income_statement_supplemental,shares_basic,net_income_continuing,net_interest_income_normal,net_income_discontinued,interest_expense,operating_income,total_opex,rnd,preferred_dividends,interest_income,pretax_income,net_income,cogs,gross_profit,special_charges,net_income_available_to_shareholders,income_allocated_to_minority_interest,current_capital_leases,total_current_assets,receivables,current_deferred_tax_liability,accounts_payable,st_investments,inventories,other_current_assets,total_noncurrent_liabilities,total_current_liabilities,other_lt_assets,total_liabilities_and_equity,total_equity,other_equity,lt_debt,cash_and_equiv,pension_liabilities,retained_earnings,noncurrent_capital_leases,other_lt_liabilities,current_accrued_liabilities,ppe_net,apic,other_current_liabilities,total_liabilities,st_debt,noncurrent_deferred_revenue,tax_payable,total_assets,goodwill,equity_and_other_investments,current_deferred_revenue,preferred_stock,common_stock,minority_interest_liability,intangible_assets,aoci,accumulated_depreciation,total_noncurrent_assets,ppe_gross,treasury_stock,cfi_investment_sales,cf_net_change_in_cash,cfo_other_working_capital,cfo_net_income,cfi_investment_purchases,cfi_investment_net,cfi_acquisitions_net,cff_pfd_net,cff_debt_repaid,cfo_stock_comp,cff_pfd_issued,cfo_receivables,cfo_prepaid_expenses,cff_debt_issued,cff_dividend_paid,cfo_da,cff_common_stock_issued,cff_other,cfi_divestitures,cfi_ppe_net,cf_cfo,cf_cfi,cff_pfd_repurchased,cfi_other,cf_cff,cfo_deferred_tax,cff_debt_net,cfi_ppe_purchases,cff_common_stock_repurchased,cfi_ppe_sales,cfo_inventory,cf_forex,cfo_change_in_working_capital,cff_common_stock_net,cfi_acquisitions,cfo_other_noncash_items,capex,cfi_intangibles_net,ebitda,fcf,income_tax_rate,nopat,book_value,tangible_book_value,roa,roe,roic,roic_legacy,roce,rotce,gross_margin,ebitda_margin,operating_margin,pretax_margin,net_income_margin,fcf_margin,assets_to_equity,equity_to_assets,debt_to_equity,debt_to_assets,revenue_per_share,ebitda_per_share,operating_income_per_share,pretax_income_per_share,fcf_per_share,book_value_per_share,tangible_book_per_share,market_cap,enterprise_value,price_to_earnings,price_to_book,price_to_tangible_book,price_to_sales,price_to_fcf,price_to_pretax_income,enterprise_value_to_earnings,enterprise_value_to_book,enterprise_value_to_tangible_book,enterprise_value_to_sales,enterprise_value_to_fcf,enterprise_value_to_pretax_income,revenue_growth,gross_profit_growth,ebitda_growth,operating_income_growth,pretax_income_growth,net_income_growth,eps_diluted_growth,shares_diluted_growth,cash_and_equiv_growth,ppe_growth,total_assets_growth,total_equity_growth,cfo_growth,capex_growth,fcf_growth,dividends_per_share_growth,shares_eop_growth,revenue_cagr_10,eps_diluted_cagr_10,total_assets_cagr_10,total_equity_cagr_10,fcf_cagr_10,dividends_per_share_cagr_10,cf_cfo_cagr_10,current_ratio,payout_ratio,peg_ratio,shares_eop_change,net_debt,shares_eop,dividends,original_filing_date,preliminary,period_end_price,gross_margin_median,pretax_margin_median,operating_income_margin_median,fcf_margin_median,roa_median,roe_median,roic_median,assets_to_equity_median,debt_to_assets_median,debt_to_equity_median,roic_5yr_avg,fiscal_quarter_number,fiscal_quarter_key
2014-03-31,-513500,31931000,17655000,11132500,0.0,0,-2175500.0,0.0,0,14573000,0,-5331000,-299500,0,-299500,-2342500,28787500,0,0,0,-4817500,-5330000,5486000,26445000,0,-5330000,1000,0,72945000,17496000,0,67419000,0,156000,270999.99999999,79690000,72517000,701000.00000002,505243000,353036000,0,75000000,55022000,0,0,0,2254000,0,431597000,0,5098000,152207000,0,2436000,0,505243000,0,0,0,0,353036000,0,0,0,-55289000,432298000,486886000,0,0,6419500,6613500,-5330000,0,0,35892500,0,-24000000,6210000,0,1175500,0,47000000,0,14573000,14348500,-43500.000000004,35892500,-52693500,26971500,-14301000,0,2500000,-6251000,0,23000000,-82349500,-43556000,29656000,0,0,7789000,-29207500,0,3729500,-52693500,0,12230500,-25722000,0.0,-1463437.5,353036000,353036000,0.0014,0.0018,0.0016,0.0018,-0.0267,-0.0267,0.8281,0.383,-0.0733,-0.1508,-0.1669,-0.8055,1.4311,0.6987,0.2124,0.1484,0.0,0.0,0.0,0.0,0.0,0.0,0.0,0.0,19978000.0,0.0,0.0,0.0,0.0,0.0,0.0,28.6422,0.0565,0.0565,0.2197,-0.2978,9.698,1.7042,2.8747,3.4169,0.0788,-1.2032,-1.212,0.0,0.0,0.0,0.0,0.0,0.1887,18.1899,-0.2325,0.3778,0,0.0,0.0,0.0,0.0,0.0,0,0,0.0,1.0059,0,0.0,0.0,19978000,0,0,2015-08-14,0,0.0,0.75232423756775,0.051367194538085,0.064411684439398,0.18655708184296,-0.036422422310161,-0.054542537923881,-0.038651308467934,1.4701261961988,0.27435856638539,0.40594872838481,0.050449921649809,1,FY2014.FQ1
2014-06-30,-513500,31931000,17655000,11132500,0.0,0,-2175500.0,0.0,0,14573000,0,-5331000,-299500,0,-299500,-2342500,28787500,0,0,0,-4817500,-5330000,5486000,26445000,0,-5330000,1000,0,72945000,17496000,0,67419000,0,156000,270999.99999999,79690000,72517000,701000.00000002,505243000,353036000,0,75000000,55022000,0,0,0,2254000,0,431597000,0,5098000,152207000,0,2436000,0,505243000,0,0,0,0,353036000,0,0,0,-55289000,432298000,486886000,0,0,6419500,6613500,-5330000,0,0,35892500,0,-24000000,6210000,0,1175500,0,47000000,0,14573000,14348500,-43500.000000004,35892500,-52693500,26971500,-14301000,0,2500000,-6251000,0,23000000,-82349500,-43556000,29656000,0,0,7789000,-29207500,0,3729500,-52693500,0,12230500,-25722000,0.0,-1463437.5,353036000,353036000,-0.0043,-0.0062,-0.0051,-0.0059,-0.026,-0.026,0.8281,0.383,-0.0733,-0.1508,-0.1669,-0.8055,1.4311,0.6987,0.2124,0.1484,0.0,0.0,0.0,0.0,0.0,0.0,0.0,0.0,19978000.0,0.0,0.0,0.0,0.0,0.0,0.0,-8.9869,0.0565,0.0565,0.1799,-0.3883,-34.9877,1.7042,2.8747,3.4169,0.0788,-1.2032,-1.212,0.0,0.0,0.0,0.0,0.0,0.0,18.1899,-0.2325,0.3778,0,0.0,0.0,0.0,0.0,0.0,0,0,0.0,1.0059,0,0.0,0.0,19978000,0,0,2015-08-14,0,0.0,0.75232423756775,0.051367194538085,0.064411684439398,0.18655708184296,-0.036422422310161,-0.054542537923881,-0.038651308467934,1.4701261961988,0.27435856638539,0.40594872838481,0.050449921649809,2,FY2014.FQ2
2014-09-30,-248500,33981500,5941000,15945500,0.0,0,1268000.0,0.0,0,19982000,0,14225000,-938000,0,-938000,14143500,21886500,0,0,0,14473500,14225000,-2048500,36030000,0,14225000,0,0,67502000,19976000,0,30299000,0,156000,34353000.0,134757000,103512000,8231000.0000001,616201000,377932000,0,130000000,13017000,0,0,0,1824000,0,540468000,0,73213000,238269000,0,2933000,0,616201000,0,0,0,0,377932000,0,0,0,-91875000,548699000,632343000,0,0,-21002500,2586500,14225000,0,0,-2000,0,-56000000,0,0,-4336000,0,83500000,0,29994000,15539500,-2225500.0,-2000,-67387000,21652500,-67389000,0,0,24734000,0,27500000,-73922000,-16080000,6535000,0,0,-1749500,-540500,0,-20817000,-67387000,0,44137500,-45734500,0.0171,8839687.5,377932000,377932000,0.0138,0.0212,0.0166,0.0179,0.013,0.013,1.0602,1.2988,0.4162,0.4259,0.4186,-1.3458,1.6304,0.6133,0.3439,0.2109,0.0,0.0,0.0,0.0,0.0,0.0,0.0,0.0,116983000.0,0.0,0.0,0.0,0.0,0.0,0.0,15.0296,0.3095,0.3095,0.9634,-1.2037,12.4841,0.4412,1.1335,14.3993,5.2937,2.1936,2.372,0.0,0.0,-0.6914,0.5116,0.3052,-0.0323,0.0,0.0,0.0,0,0.0,0.0,0.0,0.0,0.0,0,0,0.0,0.6521,0,0.0,0.0,116983000,0,0,2015-08-14,1,0.0,0.75232423756775,0.051367194538085,0.064411684439398,0.18655708184296,-0.036422422310161,-0.054542537923881,-0.038651308467934,1.4701261961988,0.27435856638539,0.40594872838481,0.050449921649809,3,FY2014.FQ3
2014-12-31,-248500,33981500,5941000,15945500,0.0,0,1268000.0,0.0,0,19982000,0,14225000,-938000,0,-938000,14143500,21886500,0,0,0,14473500,14225000,-2048500,36030000,0,14225000,0,0,67502000,19976000,0,30299000,0,156000,34353000.0,134757000,103512000,8231000.0000001,616201000,377932000,0,130000000,13017000,0,0,0,1824000,0,540468000,0,73213000,238269000,0,2933000,0,616201000,0,0,0,0,377932000,0,0,0,-91875000,548699000,632343000,0,0,-21002500,2586500,14225000,0,0,-2000,0,-56000000,0,0,-4336000,0,83500000,0,29994000,15539500,-2225500.0,-2000,-67387000,21652500,-67389000,0,0,24734000,0,27500000,-73922000,-16080000,6535000,0,0,-1749500,-540500,0,-20817000,-67387000,0,44137500,-45734500,0.0171,8839687.5,377932000,377932000,0.0288,0.047,0.035,0.0359,0.046,0.046,1.0602,1.2988,0.4162,0.4259,0.4186,-1.3458,1.6304,0.6133,0.3439,0.2109,0.0,0.0,0.0,0.0,0.0,0.0,0.0,0.0,116983000.0,0.0,0.0,0.0,0.0,0.0,0.0,6.5757,0.3095,0.3095,0.8874,-0.8185,6.0575,0.4412,1.1335,14.3993,5.2937,2.1936,2.372,0.0,0.0,-0.6914,0.5116,0.3052,-0.0323,0.0,0.0,0.0,0,0.0,0.0,0.0,0.0,0.0,0,0,0.0,0.6521,0,0.0,0.0,116983000,0,0,2015-08-14,1,0.0,0.75232423756775,0.051367194538085,0.064411684439398,0.18655708184296,-0.036422422310161,-0.054542537923881,-0.038651308467934,1.4701261961988,0.27435856638539,0.40594872838481,0.050449921649809,4,FY2014.FQ4
2015-03-31,0,23423500,22573500,6155000,0.0,0,258000.0,0.0,0,22061500,0,-14304000,-1637000,0,-1637000,-12925000,28728500,0,0,0,-14304000,-14304000,7620000,15803500,0,-14304000,0,0,40772000,8164000,0,6800000,0,0,21878000.0,135585000,25665000,2588999.9999999,591832000,430582000,0,130000000,10730000,0,0,0,2652000,0,548471000,0,18865000,161250000,0,2933000,0,591832000,0,0,0,0,430582000,0,0,0,-135925000,551060000,684396000,0,0,-1143500,-3021500,-14304000,0,0,0,0,-28326500,0,0,2870000,0,28000000,0,23987000,40698000,-96499.999999999,0,-58636500,17218000,-58636500,0,0,40275000,0,-326500,-59982000,0,1345500,0,0,-151500,40698000,0,7686500,-58636500,0,11062000,-41418500,0.0,-8078125.0,430582000,430582000,0.0145,0.0218,0.0165,0.0168,0.0241,0.0241,0.6746,0.4722,-0.5517,-0.6106,-0.6106,-1.7682,1.3744,0.7275,0.3019,0.2196,0.0,0.0,0.0,0.0,0.0,0.0,0.0,0.0,119270000.0,0.0,0.0,0.0,0.0,0.0,0.0,13.5288,0.2769,0.2769,0.9671,-0.7519,12.1388,-0.2664,-0.4024,-0.0955,-4.5176,-1.9691,-1.6836,0.0,0.0,-0.8049,0.2707,0.1713,0.2196,-0.3616,-0.1127,-0.6102,0,0.0,0.0,0.0,0.0,0.0,0,0,0.0,1.5886,0,0.0,0.0,119270000,0,0,2015-08-14,0,0.0,0.75232423756775,0.051367194538085,0.064411684439398,0.18655708184296,-0.036422422310161,-0.054542537923881,-0.038651308467934,1.4701261961988,0.27435856638539,0.40594872838481,0.050449921649809,1,FY2015.FQ1
2015-06-30,0,23423500,22573500,6155000,0.0,0,258000.0,0.0,0,22061500,0,-14304000,-1637000,0,-1637000,-12925000,28728500,0,0,0,-14304000,-14304000,7620000,15803500,0,-14304000,0,0,40772000,8164000,0,6800000,0,0,21878000.0,135585000,25665000,2588999.9999999,591832000,430582000,0,130000000,10730000,0,0,0,2652000,0,548471000,0,18865000,161250000,0,2933000,0,591832000,0,0,0,0,430582000,0,0,0,-135925000,551060000,684396000,0,0,-1143500,-3021500,-14304000,0,0,0,0,-28326500,0,0,2870000,0,28000000,0,23987000,40698000,-96499.999999999,0,-58636500,17218000,-58636500,0,0,40275000,0,-326500,-59982000,0,1345500,0,0,-151500,40698000,0,7686500,-58636500,0,11062000,-41418500,0.0,-8078125.0,430582000,430582000,-0.0002,-0.0003,-0.0002,-0.0002,0.0043,0.0043,0.6746,0.4722,-0.5517,-0.6106,-0.6106,-1.7682,1.3744,0.7275,0.3019,0.2196,0.0,0.0,0.0,0.0,0.0,0.0,0.0,0.0,119270000.0,0.0,0.0,0.0,0.0,0.0,0.0,-754.8734,0.2769,0.2769,1.0388,-0.6842,351.8289,-0.2664,-0.4024,-0.0955,-4.5176,-1.9691,-1.6836,0.0,0.0,-0.8049,0.2707,0.1713,0.2196,-0.3616,-0.1127,-0.6102,0,0.0,0.0,0.0,0.0,0.0,0,0,0.0,1.5886,0,0.0,0.0,119270000,0,0,2015-08-14,0,0.0,0.75232423756775,0.051367194538085,0.064411684439398,0.18655708184296,-0.036422422310161,-0.054542537923881,-0.038651308467934,1.4701261961988,0.27435856638539,0.40594872838481,0.050449921649809,2,FY2015.FQ2
2016-03-31,0,15121000,21303000,3666000,-0.49,0,1914000.0,-0.49,29022665,21303000,29022665,-14461000,-1641000,0,-1641000,-14734000,24969000,0,0,0,-14461000,-14461000,4886000,10235000,0,-14461000,0,0,501804305,0,0,0,0,0,500090528.0,496273320,530975,0.0,501804305,5000010,0,0,1713777,0,30639,0,496273320,0,0,4967865,530975,496804295,0,0,0,501804305,0,0,0,0,1506,0,0,0,0,0,0,0,0,-1670000,639000,-14461000,0,0,0,0,-2803000,0,0,4234000,0,5000000,0,21303000,0,0.0,0,-22419000,18552000,-22419000,0,0,2197000,0,2197000,-22419000,0,0,0,0,4873000,0,0,6837000,-22419000,0,6569000,-3867000,0.0,-9208750.0,5000010,5000010,-0.0527,-0.1324,-0.1019,-0.1042,-0.0495,-0.0495,0.6768,0.4344,-0.9744,-0.9563,-0.9563,-0.2557,100.3606,0.0099,0.0,0.0,0.521,0.2263,-0.5076,-0.4982,-0.1332,0.1722,0.1722,0.0,-1713777.0,0.0,0.0,0.0,0.0,0.0,0.0,0.0594,-0.3427,-0.3427,-0.0178,0.0129,0.0599,-0.555,-0.7159,-0.8511,-2.0417,-1.9991,-2.0165,0.0,0.0,-0.8683,-1.0,-0.1856,-0.9867,-0.1431,0.6673,0.9154,0,0.0,0.025,0.0,0.0,-0.3353,0,0,0.2943,945.062,0,0.0,15060168.0,-1713777,15060168,0,2017-05-11,0,0.0,0.75232423756775,0.051367194538085,0.064411684439398,0.18655708184296,-0.036422422310161,-0.054542537923881,-0.038651308467934,1.4701261961988,0.27435856638539,0.40594872838481,0.050449921649809,1,FY2016.FQ1
2016-06-30,406000,23347000,29922000,2869000,-1.1,0,6000.0000000002,-1.1,14622789,21182000,14622789,-16133000,-1798000,0,-1798000,-14747000,32791000,0,0,0,-16539000,-16133000,5303000,18044000,0,-16133000,0,0,977176,0,0,0,0,0,198652.0,496271990,2000,500296824.0,501274000,5000010,0,0,778524,0,62521,0,496271990,2000,0,4936027,0,496273990,0,0,0,501274000,0,0,0,0,1462,0,0,0,0,500296824,0,0,0,586000,-43000,-16133000,0,0,0,0,-3430000,0,0,-2452000,0,50000000,0,22079000,0,0.0,0,-63036000,17052000,-63036000,0,0,46570000,0,46570000,-63036000,0,0,0,0,-2495000,0,0,13601000,-63036000,0,7332000,-45984000,0.0,-9216875.0,5000010,5000010,-0.118,-11.8403,-11.8403,-15.7709,-0.1103,-0.1103,0.7728,0.314,-0.6316,-0.7083,-0.691,-1.9695,100.2545,0.0099,0.0,0.0,1.5966,0.5014,-1.0084,-1.131,-3.1446,0.3419,0.3419,143303449.8,142524925.8,-2.4205,28.6606,28.6606,1.6796,-1.08,-2.404,-2.4074,28.5049,28.5049,1.6705,-1.0741,-2.391,-0.3129,-0.4991,-0.8338,-2.0426,-2.1427,-2.1341,0.0,0.0,-0.9401,-1.0,-0.1865,-0.9867,-0.2124,0.0645,-0.0054,0,-0.029,0.0705,0.0,0.0,0.0,0,0,0.2834,488.588,0,0.0,-437367.0,-778524,14622801,0,2017-08-09,0,9.8,0.75232423756775,0.051367194538085,0.064411684439398,0.18655708184296,-0.036422422310161,-0.054542537923881,-0.038651308467934,1.4701261961988,0.27435856638539,0.40594872838481,0.050449921649809,2,FY2016.FQ2
2016-09-30,0,27321000,18362000,4150000,-0.34,0,-1085000.0,-0.34,14674632,18454000,14674632,-5134000,-1983000,0,-1983000,-2066000,22512000,0,0,0,-5134000,-5134000,6875000,20446000,0,-5134000,0,0,500122,0,0,0,0,0,362539.0,495747920,302000,500549802.0,501049924,5000004,0,0,137583,0,-461555,0,495747920,2000,0,5460091,0,496049920,300000,0,0,501049924,0,0,0,0,1468,0,0,0,0,500549802,0,0,0,-274000,-617000,-5133000,0,0,0,0,-661000,0,0,1239000,0,0,0,20103000,0,0.0,0,-15520000,15907000,-15520000,0,0,-661000,0,-661000,-15520000,0,0,0,0,622000,0,0,315000,-15520000,0,18037000,387000,0.0,-1291250.0,5000004,5000004,-0.0998,-10.0063,-9.7149,-10.6633,-0.0887,-0.0887,0.7483,0.6601,-0.0756,-0.1879,-0.1879,0.0141,100.2099,0.0099,0.0599,0.0005,1.8617,1.2291,-0.1407,-0.3498,0.0263,0.3407,0.3407,231134526.0,230996943.0,-4.6197,46.2268,46.2268,2.5908,-2.5432,-4.5825,-4.6169,46.1993,46.1993,2.5892,-2.5417,-4.5798,0.1663,0.2937,0.6305,0.8401,0.641,0.641,0.0,0.0,-0.9871,-1.0,-0.1533,-0.9883,-0.0761,0.7353,1.0093,0,0.0035,0.0148,0.0,0.0059,-0.3532,0,0,0.0,1.656,0,0.0,52407.0,162417,14675208,0,2017-11-07,0,15.75,0.75232423756775,0.051367194538085,0.064411684439398,0.18655708184296,-0.036422422310161,-0.054542537923881,-0.038651308467934,1.4701261961988,0.27435856638539,0.40594872838481,0.050449921649809,3,FY2016.FQ3
2016-12-30,0,33044000,21103000,9585000,0.04,0,-185270000.0,0.04,619751574,16901000,619751574,-191982000,-582000,0,-582000,-6130000,30688000,0,-218770000,0,-191982000,-191078000,8486000,24558000,0,27692000,904000,0,151326000,14538000,0,11210000,0,0,2705000.0,7246000,91461000,2875999.9999997,2651642000,2552935000,0,0,134083000,0,-8929000,0,7246000,12170000,2497440000,2364049000,68081000,98707000,0,0,0,2651642000,0,0,0,0,22000,197793000,0,0,-14436000,2500316000,2511876000,0,0,133535000,1664000,-191982000,0,0,-1375744000,379494000,-243000,166727000,379494000,-3035000,0,0,0,16901000,1540556000,-45719000.0,0,-875009000,9639000,-1750192000,0,500561000,1874088000,0,-243000,-875009000,0,0,0,0,-1371000,1540556000,-1375744000,19364000,-875009000,0,10771000,-865370000,0.0,-3266250.0,2552935000,2552935000,-0.1438,-0.1773,-0.1645,-0.173,-0.0246,-0.0246,0.7431,0.3259,-0.1855,-5.8098,-5.7825,-26.1884,1.0386,0.9627,0.0,0.0,0.0533,0.0173,-0.0098,-0.3097,-1.3963,4.1192,4.1192,3960467166.28,3826384166.28,-17.4619,1.5513,1.5513,40.0723,-4.3291,-17.3616,-16.8707,1.4988,1.4988,38.7156,-4.1825,-16.7738,0.4107,0.5539,-0.0263,0.5257,-12.4215,-12.3583,0.0,0.0,11.496,3.5534,3.4803,4.929,-0.4401,-13.9225,-19.8933,0,12.6853,0.0343,0.0,0.1883,0.2065,0,0,0.0,1.6545,0,0.0,186159841.0,-134083000,200835049,0,2018-02-26,0,19.72,0.75232423756775,0.051367194538085,0.064411684439398,0.18655708184296,-0.036422422310161,-0.054542537923881,-0.038651308467934,1.4701261961988,0.27435856638539,0.40594872838481,0.050449921649809,4,FY2016.FQ4
2017-03-31,0,61097000,22372000,12065000,0.04,0,166000.0,0.04,224218000,26131000,201895000,10707000,-410000,0,-410000,10951000,34437000,0,0,0,10707000,9823000,15709000,45388000,0,9823000,-884000,0,81056000,22033000,0,20660000,0,0,4149000.0,7585000,79919000,1108999.9999999,2653756000,2566252000,0,0,54874000,0,894000,0,7585000,0,2571591000,2369504000,59259000,87504000,0,0,0,2653756000,0,0,0,0,23000,195831000,0,0,-40061000,2572700000,2611652000,0,0,-79209000,-6857000,9823000,0,0,0,0,0,2610000,0,-9143000,0,0,0,26160000,0,-37000.0,0,-98420000,19248000,-98420000,0,0,-37000,0,0,-101938000,0,3518000,0,0,-16000000,0,0,-3345000,-98420000,0,37111000,-79172000,0.0,6291875.0,2566252000,2566252000,-0.0763,-0.0791,-0.0734,-0.076,-0.0046,-0.0046,0.7428,0.6074,0.1792,0.1752,0.1607,-1.2958,1.034,0.967,0.0,0.0,0.2724,0.1655,0.0488,0.0477,-0.3531,11.4453,11.4453,3774856476.25,3719982476.25,-18.6392,1.4709,1.4709,26.0678,-3.8124,-18.6001,-18.3682,1.4495,1.4495,25.6888,-3.757,-18.3297,3.0405,3.4345,4.6494,1.7432,1.7404,1.6792,1.0925,6.7256,31.0193,0.0,4.2884,512.2493,0.0375,-3.39,-19.4737,0,0.031,0.067,0.0,0.1804,0.2194,0,0,-0.0331,1.0142,0,0.0,6233326.0,-54874000,207068375,0,2018-08-06,0,18.23,0.75232423756775,0.051367194538085,0.064411684439398,0.18655708184296,-0.036422422310161,-0.054542537923881,-0.038651308467934,1.4701261961988,0.27435856638539,0.40594872838481,0.050449921649809,1,FY2017.FQ1
2017-06-30,-9069000,91064000,31771000,13111000,0.09,0,7191000.0,0.09,243704000,34300000,223623000,23198000,-707000,0,-707000,25783000,44882000,0,0,0,32267000,20762000,20399000,70665000,0,20762000,-2436000,0,38756000,34455000,0,44478000,0,0,4301000.0,52924000,119693000,1389000.0000001,3098569000,2925952000,0,35000000,0,0,21656000,0,8855000,0,3058424000,2700473000,75215000,172617000,0,9069000,0,3098569000,0,0,0,0,28000,203795000,0,0,-73687000,3059813000,3132111000,0,0,-54874000,25119000,20762000,0,0,0,0,-15000000,2985000,0,-11424000,0,50000000,0,34271000,340750000,-7611000.0,0,-496905000,73892000,-496905000,0,0,368139000,0,35000000,-504062000,0,7157000,0,0,13695000,340750000,0,2179000,-496905000,0,60054000,-423013000,0.281,14591875.0,2925952000,2925952000,-0.0575,-0.0603,-0.0558,-0.0564,0.0102,0.0102,0.7759,0.6594,0.2831,0.3543,0.2279,-4.6452,1.0589,0.9442,0.0119,0.0112,0.3736,0.2464,0.1057,0.1324,-1.7357,12.0061,12.0061,4060532672.98,4095532672.98,-24.5161,1.3877,1.3877,19.106,-2.97,-26.3428,-24.7274,1.3997,1.3997,19.2707,-2.9956,-26.5698,2.9004,2.9162,7.1906,2.7483,2.9509,2.2869,1.0827,15.666,-1.0,0.0,5.1813,584.1892,3.3333,-6.8828,-8.1991,0,0.2395,0.1104,0.0,0.1988,0.2355,0,0,0.106,0.3237,0,0.0,49602464.0,35000000,256670839,0,2018-08-06,0,15.82,0.75232423756775,0.051367194538085,0.064411684439398,0.18655708184296,-0.036422422310161,-0.054542537923881,-0.038651308467934,1.4701261961988,0.27435856638539,0.40594872838481,0.050449921649809,2,FY2017.FQ2
2017-09-29,-8233000,111611000,43283000,14933000,0.06,0,-141000.0,0.06,245376000,42387000,223622000,16260000,-1015000,0,-1015000,25649000,58216000,0,0,0,24493000,14447000,27746000,83865000,0,14447000,-1813000,0,59275000,49283000,0,35132000,0,0,7411000.0,191630000,136945000,11008000.0,3274612000,2946037000,0,165000000,2581000,0,36103000,0,9328000,0,3204329000,2704298000,101813000,328575000,0,17302000,0,3274612000,0,0,0,0,28000,205608000,0,0,-115343000,3215337000,3319672000,0,0,2581000,-20651000,14447000,0,0,0,0,-10000000,3825000,0,-7605000,0,140000000,0,42387000,0,0.0,0,-171429000,44010000,-171429000,0,0,130000000,0,130000000,-171468000,0,39000,0,0,-28256000,0,0,11607000,-171429000,0,68036000,-127419000,0.3361,14897500.0,2946037000,2946037000,-0.0458,-0.0497,-0.045,-0.045,0.0183,0.0183,0.7514,0.6095,0.2298,0.2194,0.1294,-1.1416,1.1115,0.8996,0.056,0.0503,0.4548,0.2772,0.1045,0.0998,-0.5192,12.0062,12.0062,4612374976.83,4774793976.83,-31.5816,1.5656,1.5656,15.5395,-3.0852,-37.0427,-32.6937,1.6207,1.6207,16.0867,-3.1938,-38.3471,3.0851,3.1017,2.772,13.4148,5.7707,3.8139,1.1821,15.7211,17.7595,0.0,5.5355,588.2069,1.7667,-10.0456,-330.248,0,0.0,0.1262,0.0,0.1817,0.2279,0,0,0.0735,0.4328,0,0.0,0.0,162419000,256670839,0,2018-11-05,0,17.97,0.75232423756775,0.051367194538085,0.064411684439398,0.18655708184296,-0.036422422310161,-0.054542537923881,-0.038651308467934,1.4701261961988,0.27435856638539,0.40594872838481,0.050449921649809,3,FY2017.FQ3
2017-12-29,-12628000,166130000,59035000,24146000,0.12,0,1580000.0,0.11,254466666,58781000,254466666,33390000,-3597000,0,-3597000,48035000,83181000,0,0,0,46018000,30536000,34914000,131216000,0,30536000,-2854000,0,202585000,78147000,0,64004000,0,0,7123000.0,412824000,199773000,27743000.0,3616569000,3003972000,0,390764000,117315000,0,66639000,0,12161000,21628000,3386241000,2767558000,114141000,612597000,0,9899000,0,3616569000,0,0,0,0,28000,169747000,0,0,-173906000,3413984000,3560147000,0,0,123334000,25073000,30536000,0,0,0,0,-250000000,4339000,0,-15381000,0,485000000,0,58781000,877000,-9115000.0,0,-225552000,122768000,-225552000,0,0,226118000,0,235000000,-237334000,-644000,11782000,0,0,9692000,233000,0,19420000,-225552000,0,106816000,-102784000,0.2744,28238125.0,3003972000,3003972000,0.0219,0.0254,0.0219,0.0223,0.0336,0.0336,0.7898,0.6429,0.2891,0.2769,0.1838,-0.6186,1.2039,0.8306,0.13,0.108,0.6528,0.4197,0.1887,0.1808,-0.4039,11.8049,11.8049,5154492816.0,5427941816.0,68.2099,1.7158,1.7158,11.9899,-7.0379,45.42,71.8285,1.8069,1.8069,12.6259,-7.4112,47.8295,4.0275,4.3431,8.9169,8.836,1.2396,1.1598,1.5287,-0.5894,-0.125,0.3558,0.3638,0.1766,11.7365,0.7422,0.8812,0,0.0142,0.1719,0.0,0.1935,0.2303,0,0,0.1894,1.014,0,0.0,3657081.0,273449000,260327920,0,2019-02-25,0,19.8,0.75232423756775,0.051367194538085,0.064411684439398,0.18655708184296,-0.036422422310161,-0.054542537923881,-0.038651308467934,1.4701261961988,0.27435856638539,0.40594872838481,0.050449921649809,4,FY2017.FQ4
2018-03-30,-19137000,215898000,58167000,17744000,0.25,0,12000.000000015,0.25,265183000,66010000,261324000,70772000,-5813000,0,-5813000,95710000,75911000,0,0,0,89909000,66090000,44277000,171621000,0,66090000,-4682000,0,166324000,98702000,0,37136000,0,0,29398000.0,426314000,180531000,20795000.0,3692563000,3085718000,0,390921000,38224000,0,132729000,0,13026000,21276000,3505444000,2814051000,122119000,606845000,0,22367000,0,3692563000,0,0,0,0,28000,138910000,0,0,-238676000,3526239000,3744120000,0,0,-87691000,8026000,66090000,0,0,0,0,-85000000,4333000,0,-29555000,0,85000000,0,66010000,164000,-906000.0,0,-218583000,131826000,-218583000,0,0,-934000,0,0,-354064000,-192000,135481000,0,0,-21529000,-28000,0,16922000,-218583000,0,161720000,-86757000,0.2128,56892500.0,3085718000,3085718000,0.036,0.0432,0.0367,0.0375,0.0563,0.0563,0.7949,0.749,0.4433,0.4164,0.3061,-0.4018,1.1966,0.8356,0.1266,0.1058,0.8141,0.6098,0.3609,0.339,-0.3271,11.6361,11.6361,4839606557.95,5192303557.95,36.7095,1.5683,1.5683,8.277,-6.5402,25.1164,39.3848,1.6826,1.6826,8.8802,-7.0168,26.9468,2.5336,2.7811,3.3577,7.7398,7.3972,5.728,4.4206,0.1827,-0.3034,0.3631,0.3914,0.2024,5.8488,-1.2209,-0.0958,0,0.0131,0.2487,0.0,0.2009,0.2176,0,0,0.2257,0.9213,0,0.0,3410857.0,352697000,263738777,0,2019-05-06,0,18.35,0.75232423756775,0.051367194538085,0.064411684439398,0.18655708184296,-0.036422422310161,-0.054542537923881,-0.038651308467934,1.4701261961988,0.27435856638539,0.40594872838481,0.050449921649809,1,FY2018.FQ1
2018-06-29,-19940000,217763000,60033000,15676000,0.24,0,-155000.0,0.24,267006000,74946000,263757000,67482000,-5791000,0,-5791000,93368000,75709000,0,0,0,87422000,63541000,48686000,169077000,0,63541000,-3941000,0,179322000,100922000,0,36586000,0,0,35680000.0,479577000,201112000,25158000.0,3838890000,3158201000,0,421154000,42720000,0,196270000,0,16116000,31057000,3634410000,2819052000,133469000,680689000,0,42307000,0,3838890000,0,0,0,0,28000,142851000,0,0,-313156000,3659568000,3947566000,0,0,4496000,21193000,63541000,0,0,0,0,0,4655000,0,12868000,0,30000000,0,76730000,411000,-3138000.0,0,-214788000,192076000,-214788000,0,0,27208000,0,30000000,-225397000,-65000,10609000,0,0,34061000,346000,0,13089000,-214788000,0,170098000,-22712000,0.228,55891875.0,3158201000,3158201000,0.0463,0.0559,0.0475,0.0481,0.0735,0.0735,0.7764,0.7811,0.4287,0.4014,0.2917,-0.1042,1.2155,0.8226,0.1333,0.1097,0.8155,0.637,0.3496,0.3274,-0.085,11.8282,11.8282,4763784338.04,5142218338.04,27.2818,1.5083,1.5083,6.6963,-14.0246,19.221,29.449,1.6282,1.6282,7.2282,-15.1387,20.7479,1.3913,1.3926,1.8324,2.6213,1.7093,2.0604,1.63,0.0956,0.0,0.1883,0.2389,0.0793,1.5994,0.5677,0.9463,0,0.0001,0.2497,0.0,0.2055,0.2205,0,0,0.2727,0.8916,0,0.0,36657.0,378434000,263775434,0,2019-08-05,0,18.06,0.75232423756775,0.051367194538085,0.064411684439398,0.18655708184296,-0.036422422310161,-0.054542537923881,-0.038651308467934,1.4701261961988,0.27435856638539,0.40594872838481,0.050449921649809,2,FY2018.FQ2
2018-09-28,-11652000,234880000,101606000,19273000,0.14,0,64999.999999998,0.14,279914000,83423000,263959000,41674000,-6534000,0,-6534000,59795000,120879000,0,0,0,53326000,39288000,54206000,180674000,0,39288000,-2386000,0,165887000,88221000,0,27252000,0,0,18744000.0,600903000,211263000,35036000.0,4017372000,3205206000,0,531390000,58922000,0,235558000,0,16133000,27575000,3816449000,2827756000,156436000,812166000,0,53380000,0,4017372000,0,0,0,0,28000,141864000,0,0,-395675000,3851485000,4212124000,0,0,18435000,2894000,39288000,0,0,0,0,-70000000,5341000,0,-1640000,0,180000000,0,92035000,272000,-173000.0,0,-261595000,170793000,-261595000,0,0,109237000,0,110000000,-262918000,-862000,1323000,0,0,1254000,-590000,0,32875000,-261595000,0,151830000,-90802000,0.2185,35880625.0,3205206000,3205206000,0.0507,0.0626,0.0524,0.0531,0.0797,0.0797,0.7692,0.6464,0.2545,0.227,0.1672,-0.3865,1.2533,0.7978,0.1657,0.1322,0.8391,0.5424,0.2136,0.1905,-0.3243,11.4506,11.4506,5773093642.2,6245561642.2,28.9443,1.8011,1.8011,6.9166,-19.0496,20.8659,31.3131,1.9485,1.9485,7.4826,-20.6086,22.5736,1.1044,1.1543,1.2316,1.3312,1.1771,1.7194,1.2983,0.1407,21.8291,0.191,0.2268,0.0879,2.8807,-0.5259,0.2873,0,0.0016,0.3156,0.0,0.2312,0.9084,0,0,0.2485,0.7852,0,0.0,439377.99999997,472468000,264214812,0,2019-11-04,0,21.85,0.75232423756775,0.051367194538085,0.064411684439398,0.18655708184296,-0.036422422310161,-0.054542537923881,-0.038651308467934,1.4701261961988,0.27435856638539,0.40594872838481,0.050449921649809,3,FY2018.FQ3
2018-12-31,-8711000,222504000,102456000,20579000,0.12,0,561000.0,0.12,258166666,102083000,258166666,32808000,-8220000,0,-8220000,49178000,123035000,0,0,0,41519000,30980000,50291000,172213000,0,30980000,-1828000,0,130189000,98655000,0,55984000,0,0,13377000.0,768436000,247716000,42549999.999999,4260021000,3243869000,0,691630000,18157000,0,266538000,0,14639000,45401000,4087282000,2833611000,146331000,1016152000,0,62167000,0,4260021000,0,0,0,0,28000,143692000,0,0,-496900000,4129832000,4584182000,0,0,-39733000,33379000,30980000,0,0,0,0,-20000000,6341000,0,-14674000,0,180000000,0,102823000,135000,-940000.0,0,-373698000,175316000,-373698000,0,0,158649000,0,160000000,-374434000,-546000,736000,0,0,18705000,-411000,0,16467000,-373698000,0,152001000,-198382000,0.2098,29593750.0,3243869000,3243869000,0.0482,0.0619,0.0502,0.0507,0.0762,0.0762,0.7739,0.6831,0.221,0.1865,0.1392,-0.8915,1.3132,0.7614,0.2132,0.1623,0.8618,0.5887,0.1904,0.1608,-0.7684,12.565,12.565,2912843074.56,3586316074.56,14.5715,0.8979,0.8979,3.269,-7.3067,10.702,17.9406,1.1055,1.1055,4.0248,-8.996,13.1764,0.3393,0.3124,0.423,0.0237,-0.0977,0.0145,0.0716,0.0145,-0.8452,0.207,0.1779,0.0798,0.428,-0.6568,-0.93,0,0.0004,0.2528,0.0,0.2386,0.9107,0,0,0.2624,0.5255,0,0.0,108516.0,673473000,264323328,0,2020-02-24,0,11.02,0.75232423756775,0.051367194538085,0.064411684439398,0.18655708184296,-0.036422422310161,-0.054542537923881,-0.038651308467934,1.4701261961988,0.27435856638539,0.40594872838481,0.050449921649809,4,FY2018.FQ4
2019-03-29,2263000,214569000,133693000,20634000,-0.03,0,124000.0,-0.03,264365000,96558000,264365000,-8537000,-10160000,0,-10160000,-764000,154327000,0,0,0,-10800000,-8112000,61006000,153563000,0,-8112000,425000,21339000,214408000,113930000,0,54088000,0,0,10996000.0,962587000,274435000,41192000.0,4478546000,3241524000,0,880855000,89482000,0,258426000,7938000,13890000,29202000,4222946000,2839803000,169806000,1237022000,0,59904000,0,4478546000,0,0,0,0,28000,143267000,0,0,-587349000,4264138000,4810295000,0,0,71336000,-9777000,-8112000,0,0,0,0,-430000000,6483000,0,-18708000,0,626175000,0,127822000,0,-6698000.0,0,-218878000,101028000,-218878000,0,0,189186000,0,196175000,-244587000,-291000,25709000,0,0,-28485000,-291000,0,3320000,-218878000,0,127058000,-117850000,0.0,-211875.0,3241524000,3241524000,0.0287,0.0387,0.03,0.0304,0.049,0.049,0.7156,0.5921,-0.0035,-0.0503,-0.0378,-0.5492,1.3816,0.7237,0.2741,0.1984,0.8116,0.4806,-0.0028,-0.0408,-0.4457,12.2615,12.2615,2324224322.46,3115597322.46,18.4906,0.717,0.717,2.6123,-5.4083,13.5549,24.7865,0.9611,0.9611,3.5017,-7.2498,18.1702,-0.0061,-0.1052,-0.2143,-1.0079,-1.1201,-1.1227,-1.1227,-0.003,1.3409,0.2046,0.2128,0.0504,-0.2336,-0.0013,-0.3583,0,0.0003,0.2288,0.0,0.2448,0.9106,0,0,0.203,0.7812,0,0.0,93546.0,791373000,264416874,0,2020-05-04,0,8.79,0.75232423756775,0.051367194538085,0.064411684439398,0.18655708184296,-0.036422422310161,-0.054542537923881,-0.038651308467934,1.4701261961988,0.27435856638539,0.40594872838481,0.050449921649809,1,FY2019.FQ1
2019-06-28,-5928000,244239000,114404000,22296000,0.06,0,142000.0,0.06,276395000,112114000,264378000,19002000,-14437000,0,-14437000,39225000,136700000,0,0,0,24930000,17877000,68314000,175925000,0,17877000,-1125000,18875000,160012000,121423000,0,54656000,0,0,10145000.0,966501000,301583000,28628000.000001,4535327000,3267243000,0,881353000,28444000,0,276303000,5203000,14113000,41193000,4346687000,2846520000,186859000,1268084000,0,65832000,0,4535327000,0,0,0,0,28000,144392000,0,0,-698526000,4375315000,5045213000,0,0,-61019000,29963000,17877000,0,0,0,0,-25000000,6758000,0,-4043000,0,25000000,0,116532000,0,-502000.0,0,-239642000,179166000,-239642000,0,0,-543000,0,0,-239852000,-41000,210000,0,0,25920000,-41000,0,12079000,-239642000,0,155757000,-60476000,0.2377,23812500.0,3267243000,3267243000,0.0177,0.0245,0.0186,0.0189,0.0349,0.0349,0.7202,0.6377,0.1606,0.102,0.0731,-0.2476,1.3881,0.7203,0.2713,0.1954,0.8836,0.5635,0.1419,0.0901,-0.2188,11.8209,11.8209,2007035585.94,2859944585.94,25.0776,0.6142,0.6142,2.1906,-4.293,18.4173,35.7345,0.8753,0.8753,3.1215,-6.1173,26.244,0.1215,0.0405,-0.0843,-0.5798,-0.7148,-0.7186,-0.7194,0.0351,-0.3341,0.1959,0.1814,0.0345,-0.0672,-0.1157,-1.6627,0,0.0001,0.2214,0.0428,0.0551,0.0249,0,0,0.3394,0.5305,0,5.8578,14691.99999997,852909000,264431566,0,2020-08-03,0,7.59,0.75232423756775,0.051367194538085,0.064411684439398,0.18655708184296,-0.036422422310161,-0.054542537923881,-0.038651308467934,1.4701261961988,0.27435856638539,0.40594872838481,0.050449921649809,2,FY2019.FQ2
2019-09-30,-1393000,229130000,117943000,22905000,-0.01,0,40000.000000001,-0.01,266205000,112720000,266205000,-3713000,-15246000,0,-15246000,12886000,140848000,0,0,0,-2320000,-3585000,75396000,153734000,0,-3585000,128000,14151000,161176000,137176000,0,33455000,0,0,13067000.0,1104829000,287488000,42940000.0,4646131000,3253814000,0,1001867000,10933000,0,272718000,3862000,14629000,54280000,4442015000,2967149000,185602000,1392317000,0,84471000,0,4646131000,0,0,0,0,28000,13919000,0,0,-809979000,4484955000,5251994000,0,0,-15498000,13381000,-3585000,0,0,0,0,-70000000,8110000,0,-25020000,0,190000000,0,119465000,0,0.0,0,-239600000,104681000,-239600000,0,0,119421000,0,120000000,-242059000,-579000,2459000,0,0,-11639000,-579000,0,-7670000,-239600000,0,132351000,-134919000,0.0,8133750.0,3253814000,3253814000,0.008,0.0113,0.0086,0.0087,0.0233,0.0233,0.6709,0.5776,0.0562,-0.0101,-0.0156,-0.5888,1.4279,0.7003,0.309,0.2164,0.8607,0.4971,0.0484,-0.0087,-0.5068,12.2229,12.2229,1244138965.545,2235072965.545,33.4805,0.3823,0.3823,1.3665,-2.4317,23.3295,60.1472,0.6869,0.6869,2.4549,-4.3685,41.911,-0.0244,-0.1491,-0.1282,-0.7844,-1.0435,-1.0912,-1.0919,-0.0489,-0.8144,0.1639,0.1565,0.0151,-0.387,0.084,-0.4858,0,0.042,0.1413,0.0,0.0576,0.024,0,0,0.1845,0.5606,0,0.0,11125237.0,990934000,275556803,0,2020-11-03,0,4.515,0.75232423756775,0.051367194538085,0.064411684439398,0.18655708184296,-0.036422422310161,-0.054542537923881,-0.038651308467934,1.4701261961988,0.27435856638539,0.40594872838481,0.050449921649809,3,FY2019.FQ3
2019-12-31,-739000,256392000,127009000,24711000,0.03,0,-829000.0,0.03,320600000,122851000,320600000,9662000,-16148000,0,-16148000,27378000,151720000,0,0,0,10401000,9618000,77294000,179098000,0,9618000,-44000,9232000,120129000,101714000,0,21484000,0,0,8192000.0,1163121000,254466000,40365000.0,4688288000,3270701000,0,1057389000,10223000,0,282336000,3354000,16874000,57284000,4527794000,2975756000,166466000,1417587000,0,85504000,0,4688288000,0,0,0,0,28000,12581000,0,0,-931737000,4568159000,5459531000,0,0,-698000,-1616000,9618000,0,0,0,0,-195000000,7646000,0,37673000,0,250000000,0,127669000,0,0.0,0,-234869000,179298000,-234869000,0,0,54873000,0,55000000,-241221000,-127000,6352000,0,0,36057000,-127000,0,-1692000,-234869000,0,155047000,-55571000,0.071,17083750.0,3270701000,3270701000,0.0033,0.0048,0.0036,0.0036,0.0179,0.0179,0.6985,0.6047,0.1067,0.0405,0.0375,-0.2167,1.4334,0.6976,0.3243,0.2262,0.7997,0.4836,0.0853,0.0324,-0.1733,10.2018,10.2018,1274248413.9,2321414413.9,80.6588,0.3895,0.3895,1.3493,-3.4549,57.3701,146.9435,0.7097,0.7097,2.4582,-6.2942,104.5164,0.1523,0.0399,0.02,-0.4432,-0.7494,-0.6895,-0.75,0.2418,-0.4369,0.1077,0.1005,0.0082,0.0227,0.3715,0.7198,0,0.0009,0.109,-0.1052,0.0422,0.0112,0,0,0.0926,0.472,0,-7.6613,254542.0,1047166000,275811345,0,2021-02-24,0,4.62,0.75232423756775,0.051367194538085,0.064411684439398,0.18655708184296,-0.036422422310161,-0.054542537923881,-0.038651308467934,1.4701261961988,0.27435856638539,0.40594872838481,0.050449921649809,4,FY2019.FQ4
2020-03-31,83208000,192769000,721063000,22879000,-1.98,0,192000.00000001,-1.99,275952000,101258000,275952000,-550345000,-16421000,0,-16421000,-617324000,743942000,0,0,0,-633553000,-547983000,66151000,126618000,0,-547983000,2362000,6440000,73730000,62635000,0,50659000,0,0,7254000.0,1140418000,239045000,44547000.0,4106250000,2726787000,0,1117919000,3841000,0,-265647000,2552000,17651000,51022000,3987973000,2982187000,130924000,1379463000,0,2296000,0,4106250000,0,0,0,0,28000,10219000,0,0,-1623671000,4032520000,5611644000,0,0,-6366000,-34628000,-547983000,0,0,0,0,-135000000,6409000,0,41026000,0,195000000,0,712558000,0,0.0,0,-166976000,100818000,-166976000,0,0,59792000,0,60000000,-168176000,-208000,1200000,0,0,6398000,-208000,0,-76564000,-166976000,0,95234000,-66158000,0.0,-384351250.0,2726787000,2726787000,-0.1191,-0.1747,-0.1277,-0.128,-0.1295,-0.1295,0.6568,0.494,-3.2024,-3.2865,-2.8426,-0.3431,1.5058,0.664,0.4109,0.2728,0.6985,0.3451,-2.237,-2.2958,-0.2397,9.8813,9.8813,72597940.348,1186675940.348,-0.1385,0.0266,0.0266,0.0786,-0.2289,-0.1208,-2.2643,0.4351,0.4351,1.2863,-3.7419,-1.976,-0.1015,-0.1754,-0.2504,-807.0157,-57.6623,-66.5521,-63.8546,0.0438,-0.957,-0.0556,-0.0831,-0.1587,-0.002,0.2371,0.4386,0,0.0008,0.0561,0.0,0.0228,-0.0077,0,0,0.0864,0.3084,0,0.0,226451.0,1114078000,276037796,0,2021-05-05,0,0.263,0.75232423756775,0.051367194538085,0.064411684439398,0.18655708184296,-0.036422422310161,-0.054542537923881,-0.038651308467934,1.4701261961988,0.27435856638539,0.40594872838481,0.050449921649809,1,FY2020.FQ1
2020-06-30,1916000,90509000,142302000,18439000,0.01,0,139836000.0,0.01,277208000,93020000,277133000,5330000,-17371000,0,-17371000,-119051000,160741000,0,0,0,3414000,5330000,48819000,41690000,0,5330000,0,3591000,77628000,63976000,0,8754000,0,0,6438000.0,1128482000,157861000,41877000.0,4020886000,2734543000,0,1106043000,7214000,0,-260317000,1783000,18067000,40639000,3901381000,2994832000,104877000,1286343000,0,2589000,0,4020886000,0,0,0,0,28000,0,0,0,-1715604000,3943258000,5616985000,0,0,3377000,-12997000,5330000,0,0,0,0,-55000000,4727000,0,-4961000,0,190000000,0,112445000,0,-5141000.0,0,-110074000,-16315000,-110074000,0,0,129766000,0,135000000,-110137000,-93000,63000,0,0,-17958000,-93000,0,-120859000,-110074000,0,-6606000,-126389000,0.0,-74406875.0,2734543000,2734543000,-0.132,-0.1965,-0.1393,-0.1395,-0.1801,-0.1801,0.4606,-0.0729,-1.3153,0.0377,0.0588,-1.3964,1.4704,0.68,0.4051,0.2755,0.3265,-0.0238,-0.4294,0.0123,-0.4559,9.8645,9.8645,242398299.6,1341227299.6,-0.4517,0.0886,0.0886,0.3152,-0.6328,-0.3896,-2.4993,0.4904,0.4904,1.7445,-3.5015,-2.1561,-0.6294,-0.763,-1.0424,-4.035,-0.863,-0.7018,-0.7143,0.0029,-0.7463,-0.1024,-0.1134,-0.163,-1.091,0.5406,-1.0899,0,-0.0133,-0.0589,-0.1615,0.0106,-0.0093,0,0,0.0,0.4917,0,0.0279,-3680156.0,1098829000,272357640,0,2021-08-04,0,0.89,0.75232423756775,0.051367194538085,0.064411684439398,0.18655708184296,-0.036422422310161,-0.054542537923881,-0.038651308467934,1.4701261961988,0.27435856638539,0.40594872838481,0.050449921649809,2,FY2020.FQ2
2020-09-30,0,149101000,111316000,19670000,-0.18,0,-414000.00000001,-0.19,278017000,89444000,278017000,-51529000,-17718000,0,-17718000,-33397000,130986000,0,0,0,-51529000,-51529000,51512000,97589000,0,-51529000,0,3415000,64509000,51240000,0,10270000,0,0,8092000.0,1114508000,120705000,42747000.0,3923036000,2687823000,0,1092241000,5177000,0,-311846000,1097000,18581000,43810000,3815780000,2999640000,63210000,1235213000,0,2589000,0,3923036000,0,0,0,0,29000,0,0,0,-1804014000,3858527000,5619794000,0,0,-2036000,1693000,-51529000,0,0,0,0,-120000000,5028000,0,12074000,0,105000000,0,109348000,0,-1509000.0,0,-30959000,45729000,-30959000,0,0,-16806000,0,-15000000,-31071000,-297000,112000,0,0,13767000,-297000,0,-30885000,-30959000,0,75951000,14770000,0.0,-20873125.0,2687823000,2687823000,-0.1471,-0.2156,-0.1533,-0.1536,-0.1937,-0.1937,0.6545,0.5093,-0.2239,-0.3455,-0.3455,0.099,1.4595,0.6851,0.4067,0.2786,0.5363,0.2731,-0.1201,-0.1853,0.0531,9.6678,9.6678,167658324.0504,1254722324.0504,-0.2868,0.0623,0.0623,0.2434,-0.7184,-0.2497,-2.1464,0.4668,0.4668,1.8216,-5.377,-1.8691,-0.3492,-0.3652,-0.4261,-3.5917,-21.2107,-13.3735,-13.1085,0.0443,-0.5264,-0.1409,-0.1556,-0.1739,-0.5631,0.8707,1.1094,0,0.0218,-0.0363,0.0,0.006,-0.0137,0,0,-0.1004,0.5344,0,0.0,5959631.0,1087064000,278317271,0,2021-11-04,0,0.6024,0.75232423756775,0.051367194538085,0.064411684439398,0.18655708184296,-0.036422422310161,-0.054542537923881,-0.038651308467934,1.4701261961988,0.27435856638539,0.40594872838481,0.050449921649809,3,FY2020.FQ3
2020-12-31,0,148077000,139598000,26046000,-0.32,0,120000.0,-0.32,277046875,74832000,277046875,-88655000,-17682000,0,-17682000,-71093000,165644000,0,0,0,-88655000,-88655000,53526000,94551000,0,-88655000,0,3155000,65586000,54440000,0,5052000,0,0,5346000.0,1091596000,131868000,19167000.0,3827425000,2603961000,0,1068624000,5800000,0,-400501000,422000,19961000,38313000,3742672000,3004433000,85348000,1223464000,0,2589000,0,3827425000,0,0,0,0,29000,0,0,0,-1877832000,3761839000,5620504000,0,0,-2179000,-17834000,-88655000,0,0,0,0,-105000000,8404000,0,-3567000,0,80000000,0,115393000,0,0.0,0,-18314000,41144000,-18314000,0,0,-25009000,0,-25000000,-18628000,-9000,314000,0,0,-21401000,-9000,0,27403000,-18314000,0,44300000,22830000,0.0,-44433125.0,2603961000,2603961000,-0.1762,-0.258,-0.1832,-0.1834,-0.2242,-0.2242,0.6385,0.2991,-0.4801,-0.5987,-0.5987,0.1541,1.4698,0.6803,0.4105,0.2793,0.5344,0.1599,-0.2566,-0.32,0.0824,9.3989,9.3989,417827850.0,1480651850.0,-0.6118,0.1604,0.1604,0.7198,-2.6965,-0.5424,-2.1683,0.5686,0.5686,2.5508,-9.5558,-1.9221,-0.4224,-0.472,-0.7142,-3.5967,-9.5236,-10.2176,-11.7639,-0.1358,-0.4326,-0.1734,-0.1836,-0.2038,-0.7705,0.922,1.4108,0,0.0008,-0.0378,0.0,-0.0002,-0.0191,0,0,-0.1427,0.4973,0,0.0,234629.0,1062824000,278551900,0,2022-02-24,0,1.5,0.75232423756775,0.051367194538085,0.064411684439398,0.18655708184296,-0.036422422310161,-0.054542537923881,-0.038651308467934,1.4701261961988,0.27435856638539,0.40594872838481,0.050449921649809,4,FY2020.FQ4
2021-03-31,0,192391000,124182000,26351000,-0.12,0,50999.999999995,-0.12,278935000,63783000,278935000,-34645000,-17485000,0,-17485000,-17211000,150533000,0,0,0,-34645000,-34645000,59069000,133322000,0,-34645000,0,2697000,87009000,69260000,0,19124000,0,0,6813000.0,1095227000,194191000,18758000.0,3848321000,2558903000,0,1063754000,10936000,0,-435146000,0,28884000,44388000,3742554000,2994020000,127982000,1289418000,0,2589000,0,3848321000,0,0,0,0,29000,0,0,0,-1940672000,3761312000,5683226000,0,0,5139000,3890000,-34645000,0,0,0,0,-240000000,14999000,0,-14997000,0,240000000,0,72983000,0,-20132000.0,0,-46598000,72346000,-46598000,0,0,-20609000,0,0,-46766000,-477000,168000,0,0,-11107000,-477000,0,30116000,-46598000,0,55772000,25748000,0.0,-10756875.0,2558903000,2558903000,-0.0441,-0.0656,-0.0464,-0.0465,-0.0655,-0.0655,0.6929,0.2898,-0.0894,-0.18,-0.18,0.1338,1.5038,0.6649,0.4157,0.2764,0.6897,0.1999,-0.0617,-0.1242,0.0923,9.1738,9.1738,1172323954.2,2225141954.2,-6.9164,0.4581,0.4581,2.0209,-18.5962,-6.839,-13.1277,0.8695,0.8695,3.8359,-35.2967,-12.981,-0.0019,0.0529,-0.4143,0.9721,0.9453,0.9367,0.9375,0.0108,1.8471,-0.0615,-0.0628,-0.0615,-0.2824,0.7209,1.3891,0,0.002,-0.0197,0.0,-0.0042,-0.0222,0,0,-0.0823,0.448,0,0.0,572851.0,1052818000,279124751,0,2022-05-05,0,4.2,0.75232423756775,0.051367194538085,0.064411684439398,0.18655708184296,-0.036422422310161,-0.054542537923881,-0.038651308467934,1.4701261961988,0.27435856638539,0.40594872838481,0.050449921649809,1,FY2021.FQ1
2021-06-30,0,232577000,137587000,30571000,-0.08,0,-16038000.0,-0.09,279185000,73429000,279185000,-25055000,-15182000,0,-15182000,6165000,168158000,0,0,0,-25055000,-25055000,58254000,174323000,0,-25055000,0,240000,100342000,88317000,0,19514000,0,0,7323000.0,1115126000,220879000,17402000.0,3874349000,2538344000,0,1054317000,4702000,0,-460201000,15206000,43014000,42896000,3756605000,2998516000,158229000,1336005000,0,2589000,0,3874349000,0,0,0,0,29000,0,0,0,-2013024000,3774007000,5769629000,0,0,-6234000,8402000,-25055000,0,0,0,0,-282073000,19141000,0,-18486000,0,250000000,0,82628000,15000,-977000.00000002,0,-80478000,107279000,-80478000,0,0,-33035000,0,-32073000,-81008000,0,530000,0,0,-10084000,15000,0,40649000,-80478000,0,88793000,26801000,0.0,3853125.0,2538344000,2538344000,-0.0517,-0.0784,-0.0552,-0.0554,-0.0316,-0.0316,0.7495,0.3817,0.0265,-0.1077,-0.1077,0.1152,1.5263,0.6551,0.4213,0.276,0.833,0.318,0.022,-0.0897,0.0959,9.0919,9.0919,1893108291.36,2942723291.36,-9.471,0.7458,0.7458,2.6215,20.9997,-9.471,-14.7221,1.1593,1.1593,4.0749,32.6428,-14.7221,1.5696,3.1814,14.4412,1.0517,-8.3388,-5.7007,-5.6797,0.0071,-0.3482,-0.0371,-0.0364,-0.0717,7.5754,0.2688,1.212,0,0.0003,0.0044,0.0,-0.0094,-0.0242,0,0,-0.0479,0.4542,0,0.0,94761.0,1049615000,279219512,0,2022-08-04,0,6.78,0.75232423756775,0.051367194538085,0.064411684439398,0.18655708184296,-0.036422422310161,-0.054542537923881,-0.038651308467934,1.4701261961988,0.27435856638539,0.40594872838481,0.050449921649809,2,FY2021.FQ2
2021-09-30,0,288505000,128286000,37587000,0.13,0,-169000.0,0.12,316209000,76047000,281162000,37124000,-14690000,0,-14690000,51983000,165873000,0,0,0,37124000,37124000,70649000,217856000,0,37124000,0,1522000,109546000,98198000,0,26305000,0,0,6363000.0,1069157000,228536000,17807000.0,3882341000,2584648000,0,1004937000,4985000,0,-423077000,16689000,44942000,44217000,3754988000,3007696000,156492000,1297693000,0,2589000,0,3882341000,0,0,0,0,29000,0,0,0,-2088128000,3772795000,5843116000,0,0,283000,6960000,37124000,0,0,0,0,-180000000,18109000,0,-9515000,0,130000000,0,83759000,0,0.0,0,-89242000,153507000,-89242000,0,0,-63982000,0,-50000000,-92555000,-13982000,3313000,0,0,-2555000,-13982000,0,17070000,-89242000,0,135742000,64265000,0.0,32489375.0,2584648000,2584648000,-0.0286,-0.0434,-0.0308,-0.0308,-0.0082,-0.0082,0.7551,0.4705,0.1801,0.1286,0.1286,0.2227,1.502,0.6657,0.3952,0.2631,0.9123,0.4292,0.1643,0.1174,0.2032,8.1738,8.1738,1899307946.6,2899259946.6,-17.0753,0.7348,0.7348,2.2045,13.601,-17.0753,-26.0652,1.1217,1.1217,3.3651,20.7617,-26.0652,0.9349,1.2323,0.7872,2.5565,1.7204,1.7204,1.6442,0.1373,-0.037,-0.0159,-0.0103,-0.0383,2.3568,-1.8825,3.351,0,0.0152,0.03,0.0,-0.0141,-0.0223,0,0,0.0427,0.4793,0,0.0,4259286.0,999952000,283478798,0,2022-11-09,0,6.7,0.75232423756775,0.051367194538085,0.064411684439398,0.18655708184296,-0.036422422310161,-0.054542537923881,-0.038651308467934,1.4701261961988,0.27435856638539,0.40594872838481,0.050449921649809,3,FY2021.FQ3
2021-12-31,-569000,316419000,80403000,22528000,0.57,0,33246000.0,0.52,315198039,75863000,282019298,160751000,-13931000,0,-13931000,142005000,102931000,0,0,0,161320000,160751000,71483000,244936000,0,160751000,0,1413000,86535000,69736000,0,9736000,0,0,7419000.0,885975000,167899000,15854000.0,3804594000,2750720000,0,825565000,9380000,0,-262326000,16002000,41819000,47114000,3702205000,3013017000,109636000,1053874000,0,2589000,0,3804594000,0,0,0,0,29000,0,0,0,-1989489000,3718059000,5691694000,0,0,2408000,-329000,160751000,0,0,0,0,-300000000,25815000,0,21523000,0,120000000,0,82263000,117000,0.0,0,-10158000,192487000,-10158000,0,0,-179921000,0,-180000000,-106722000,-38000,96564000,0,0,21194000,79000,0,-97536000,-10158000,0,224268000,182329000,0.0035,88753125.0,2750720000,2750720000,0.0359,0.0517,0.0383,0.0384,0.0501,0.0501,0.774,0.7087,0.4487,0.5098,0.508,0.5762,1.3831,0.7229,0.3059,0.2211,1.0038,0.7115,0.4505,0.5118,0.5784,8.7269,8.7269,1699019277.28,2515204277.28,12.2961,0.6176,0.6176,1.6497,5.6796,12.2457,18.203,0.9143,0.9143,2.4422,8.408,18.1283,1.1368,1.5905,4.0624,2.9974,2.8196,2.8132,2.6257,0.1377,0.6172,-0.0108,-0.0059,0.0563,3.6783,0.4453,6.9863,0,0.0022,0.0262,0.2279,-0.0174,-0.017,0,0,0.0071,0.5153,0,0.5393,638138.0,816185000,284116936,0,2022-02-24,0,5.98,0.75232423756775,0.051367194538085,0.064411684439398,0.18655708184296,-0.036422422310161,-0.054542537923881,-0.038651308467934,1.4701261961988,0.27435856638539,0.40594872838481,0.050449921649809,4,FY2021.FQ4
2022-03-31,-6776000,347277000,203159000,32910000,0.05,0,200000.0,0.05,319680000,71009000,284851000,15802000,-13154000,0,-13154000,35532000,236069000,0,0,0,22578000,15802000,75676000,271601000,0,15802000,0,1728000,189434000,130571000,0,38520000,0,0,8239000.0,887728000,299727000,27321000.0,3958532000,2771077000,0,801203000,50624000,0,-246524000,14473000,63218000,38396000,3741777000,3017572000,221083000,1187455000,0,8834000,0,3958532000,0,0,0,0,29000,0,0,0,-2059679000,3769098000,5801456000,0,0,41244000,10410000,15802000,0,0,0,0,-160000000,19265000,0,-53824000,0,135000000,0,73636000,1000,-8530000.0,0,-84088000,160120000,-84088000,0,0,-34788000,0,-25000000,-84136000,-1259000,48000,0,0,-43414000,-1258000,0,94831000,-84088000,0,109168000,76032000,0.3001,22207500.0,2771077000,2771077000,0.0485,0.0683,0.0525,0.0529,0.0646,0.0646,0.782,0.3143,0.1023,0.065,0.0455,0.2189,1.4285,0.7,0.2943,0.206,1.0863,0.3414,0.1111,0.0706,0.2378,8.6682,8.6682,2295325365.45,3045904365.45,12.1689,0.8283,0.8283,1.9373,6.5688,11.7128,16.1481,1.0991,1.0991,2.5708,8.7168,15.5429,0.805,1.0371,0.9573,3.0644,1.6516,1.4561,1.4305,0.146,3.6291,-0.0002,0.0286,0.0829,1.2132,-0.8045,1.9529,0,0.001,0.0424,0.0,-0.0158,-0.0159,0,0,0.0434,0.632,0,0.0,309999.0,750579000,284426935,0,2022-05-05,0,8.07,0.75232423756775,0.051367194538085,0.064411684439398,0.18655708184296,-0.036422422310161,-0.054542537923881,-0.038651308467934,1.4701261961988,0.27435856638539,0.40594872838481,0.050449921649809,1,FY2022.FQ1
2022-06-30,-41487000,472654000,116757000,11901000,0.67,0,-7006000.0,0.6,320104000,82117000,284992000,191826000,-14326000,0,-14326000,254645000,128658000,0,0,0,233313000,191826000,89351000,383303000,0,191826000,0,21124000,349879000,140219000,0,31134000,0,0,8568000.0,938361000,316101000,33660000.0,4224030000,2969568000,0,801849000,201092000,0,-54698000,35724000,50495000,45588000,3840491000,3024236000,218255000,1254462000,0,50293000,0,4224030000,0,0,0,0,30000,0,0,0,-2140982000,3874151000,5981473000,0,0,150468000,25880000,191826000,0,0,0,0,-35000000,-1936000,0,-8927000,0,35000000,0,82623000,7000,-3000.0,0,-144515000,294979000,-144515000,0,0,4000,0,0,-145330000,0,815000,0,0,16953000,7000,0,5513000,-144515000,0,337268000,150464000,0.1778,159153125.0,2969568000,2969568000,0.0991,0.1412,0.1096,0.1135,0.1279,0.1279,0.8109,0.7135,0.5387,0.4936,0.4058,0.3183,1.4224,0.703,0.282,0.1982,1.4765,1.0536,0.7955,0.7288,0.47,9.2768,9.2768,1704256041.02,2305013041.02,4.2028,0.5739,0.5739,1.196,3.6023,3.7511,5.6843,0.7762,0.7762,1.6177,4.8722,5.0733,1.0322,1.1988,2.7983,40.3049,10.312,8.6561,7.7037,0.1465,41.7673,0.0223,0.0902,0.1698,1.7496,-0.7957,4.6141,0,0.0019,0.063,0.35,-0.0103,-0.0096,0,0,0.051,1.1068,0,0.12,565714.0,600757000,284992649,0,2022-08-04,0,5.98,0.75232423756775,0.051367194538085,0.064411684439398,0.18655708184296,-0.036422422310161,-0.054542537923881,-0.038651308467934,1.4701261961988,0.27435856638539,0.40594872838481,0.050449921649809,2,FY2022.FQ2
2022-09-30,-31169000,549778000,-71310000,45739000,0.78,0,-59158000.0,0.7,321986000,109500000,286245000,343504000,-28807000,0,-28807000,462638000,-25571000,0,0,0,374673000,224359000,112711000,437067000,0,224359000,-119145000,30140000,445764000,224828000,0,119517000,0,0,175422000.0,2473340000,615766000,111897000.0,8609632000,5520526000,0,2303670000,45514000,0,169661000,48475000,40499000,118417000,8051971000,2654774000,347692000,3089106000,0,80696000,0,8609632000,0,0,0,0,57000,2696034000,0,0,-2238906000,8163868000,10290877000,0,0,-155580000,33311000,224359000,0,0,-496671000,0,-650000000,19468000,0,55998000,0,800000000,0,109998000,38000,-11078000.0,0,-171164000,388277000,-667835000,0,0,123978000,0,150000000,-176491000,-14982000,5327000,0,0,89309000,-14944000,-496671000,-54857000,-171164000,0,572636000,217113000,0.0831,214683125.0,5520526000,5520526000,0.0923,0.1396,0.0824,0.0839,0.1503,0.1503,0.7949,1.0415,0.8414,0.6814,0.408,0.3949,1.5595,0.6412,0.426,0.2731,1.7074,1.7784,1.4368,1.1636,0.6742,17.1452,17.1452,1961682196.8,4219838196.8,3.3095,0.3553,0.3553,1.1634,3.1339,2.4772,7.1192,0.7643,0.7643,2.5026,6.7416,5.3288,0.9056,1.0062,3.2185,7.8997,9.0924,5.0435,4.7276,0.0182,8.1301,1.1443,1.2176,1.1358,1.5293,-0.9179,2.3784,0,0.0122,0.1104,0.0,0.0768,0.073,0,0,0.1443,0.7239,0,0.0,3490027.0,2258156000,288482676,0,2022-11-09,0,6.8,0.75232423756775,0.051367194538085,0.064411684439398,0.18655708184296,-0.036422422310161,-0.054542537923881,-0.038651308467934,1.4701261961988,0.27435856638539,0.40594872838481,0.050449921649809,3,FY2022.FQ3
