iter	ERR:top=10	NDCG:top=5;type=Exp	PrecisionAt:top=10	AverageGain:top=5	MAP:top=10
0	0.7895271639	0.6145312745	0.6571428571	0.6462111796	0.5119160998
1	0.8294772719	0.6643824356	0.7028571429	0.6827329193	0.5877018141
2	0.8642734161	0.7044795081	0.74	0.7155279497	0.6409546485
3	0.8815708212	0.7227175431	0.7342857143	0.7285714298	0.6454648526
4	0.8598366275	0.7165652357	0.7771428571	0.7309316777	0.6878718821
5	0.8620884674	0.7280028414	0.8	0.7427329196	0.708468254
6	0.8720313917	0.7434126788	0.7942857143	0.7546583862	0.7148888889
7	0.8659693024	0.745191858	0.8142857143	0.7590062114	0.7366950113
8	0.8755875832	0.7589548581	0.7771428571	0.7713043471	0.705877551
9	0.8569251152	0.7459362519	0.7971428571	0.7609937878	0.7169988662
10	0.8781481209	0.7536644604	0.8085714286	0.7597515526	0.731292517
11	0.8825993545	0.7564422931	0.8257142857	0.7593788821	0.7495907029
12	0.8808451536	0.7607651829	0.8314285714	0.7663354042	0.7567675737
13	0.8828834379	0.7545552068	0.8285714286	0.7568944101	0.7500555556
14	0.881042671	0.7599018321	0.8314285714	0.7649689447	0.7598435374
15	0.8793206669	0.7591980547	0.84	0.7645962735	0.7660907029
16	0.8809332508	0.7580617931	0.8457142857	0.7612422353	0.7739648526
17	0.8952752683	0.7664125391	0.8428571429	0.7650931679	0.7755124717
18	0.8924264477	0.766687508	0.8485714286	0.7693167703	0.777085034
19	0.8970975783	0.7694043707	0.8485714286	0.7693167703	0.7797630385
20	0.8910141655	0.7748790288	0.8428571429	0.7790062124	0.7680510204
21	0.8866151038	0.7665037158	0.8457142857	0.7693167715	0.7752789116
22	0.889049188	0.772057237	0.8542857143	0.7762732936	0.7832981859
23	0.8918331646	0.7693326526	0.8542857143	0.7716770204	0.782430839
24	0.9048700733	0.7794522312	0.8571428571	0.7778882007	0.7894580499
25	0.9218750127	0.7821967122	0.86	0.773291927	0.7972732426
26	0.9202012711	0.7841339686	0.86	0.7761490702	0.7966292517
27	0.9178144879	0.7801116971	0.86	0.7718012441	0.7931723356
28	0.9186162517	0.785065302	0.8628571429	0.7785093186	0.8008356009
29	0.9144293625	0.7804860462	0.8628571429	0.7754037283	0.8004977324
30	0.9155104254	0.7841505352	0.8571428571	0.7796273309	0.7934988662
31	0.9171369232	0.7933236523	0.8571428571	0.7903105613	0.7981632653
32	0.9174782909	0.7873073445	0.8571428571	0.7840993797	0.7980124717
33	0.9178108745	0.7897759842	0.8514285714	0.7877018651	0.7917687075
34	0.9166700053	0.7856701871	0.8542857143	0.7827329208	0.7925351474
35	0.9159964379	0.7835996274	0.8485714286	0.7809937904	0.7840226757
36	0.9275937261	0.7890544086	0.8571428571	0.7831055918	0.7981088435
37	0.9201371686	0.7829455721	0.8514285714	0.7785093184	0.7925385488
38	0.9166753038	0.7812193809	0.8485714286	0.7775155297	0.7891575964
39	0.922417589	0.7850185225	0.8457142857	0.7801242251	0.7851099773
40	0.9278924358	0.791003396	0.8457142857	0.7850931697	0.7859795918
41	0.9283943048	0.786665842	0.8514285714	0.7780124248	0.7898843537
42	0.9163196323	0.7831207202	0.8485714286	0.776024847	0.7853718821
43	0.9282967436	0.7859653207	0.8514285714	0.7773913059	0.7924183673
44	0.9222035647	0.7844704312	0.8514285714	0.7752795049	0.7898129252
45	0.9322869995	0.7901377826	0.8571428571	0.7792546597	0.7984773243
46	0.933315973	0.788062747	0.8571428571	0.7751552808	0.7965963719
47	0.9310786863	0.7859391028	0.86	0.7729192566	0.7969546485
48	0.9310684978	0.7896117022	0.86	0.7776397537	0.7978072562
49	0.9276030209	0.7889907403	0.86	0.7776397537	0.7981326531
50	0.9335414581	0.7922879721	0.8657142857	0.7793788841	0.8035600907
51	0.9337601071	0.7936196399	0.8628571429	0.7802484491	0.8011507937
52	0.9324206089	0.7926757306	0.86	0.7802484491	0.7979421769
53	0.9320653071	0.7963957638	0.8628571429	0.7845962752	0.8010782313
54	0.9323438442	0.7978714168	0.8714285714	0.786583853	0.8084705215
55	0.9252163483	0.797229351	0.8657142857	0.78819876	0.8012165533
56	0.9252715347	0.7961515527	0.8628571429	0.7858385118	0.7996054422
57	0.9249084138	0.7963329531	0.8685714286	0.7883229836	0.8035702948
58	0.9264980271	0.7972663437	0.8628571429	0.7895652192	0.7994637188
59	0.9264359441	0.7927229603	0.8628571429	0.7848447224	0.7995351474
60	0.9180437256	0.7867912799	0.8571428571	0.778509319	0.7917256236
61	0.9154997712	0.7872311062	0.8542857143	0.7823602502	0.7898560091
62	0.9141120716	0.7887311898	0.8571428571	0.7827329214	0.7929036281
63	0.9145874031	0.7863039933	0.86	0.7796273312	0.794430839
64	0.9147276517	0.7835364577	0.86	0.7757763998	0.7965453515
65	0.9171452738	0.7878899981	0.8628571429	0.7790062133	0.7971156463
66	0.9136268528	0.7875355848	0.8628571429	0.7806211205	0.7976712018
67	0.9141337409	0.7875742317	0.8628571429	0.7798757787	0.7972743764
68	0.9231244989	0.7917779853	0.86	0.7797515551	0.7999580499
69	0.9247393716	0.7934156704	0.86	0.780745344	0.8003866213
70	0.9225529683	0.7922367485	0.8571428571	0.779503108	0.7991938776
71	0.9213981	0.7936385768	0.8628571429	0.7814906855	0.8055986395
72	0.9226409441	0.7971373606	0.86	0.7862111821	0.8047437642
73	0.9219046012	0.7959616353	0.8571428571	0.7848447226	0.8014024943
74	0.9220336218	0.7970163322	0.8657142857	0.7848447226	0.8086326531
75	0.9247459235	0.7996203123	0.86	0.7886956543	0.8030986395
76	0.9259795296	0.7992567478	0.8542857143	0.7883229836	0.79661678
77	0.9243092077	0.7946703802	0.8628571429	0.7847204993	0.8035759637
78	0.9216993262	0.7955493356	0.8628571429	0.7853416175	0.8053696145
79	0.9217517354	0.7959028565	0.86	0.78509317	0.8005045351
80	0.9245447611	0.7969657534	0.8628571429	0.7858385118	0.804569161
81	0.9220787665	0.7957757255	0.8628571429	0.78509317	0.8045362812
82	0.9245798581	0.7950433901	0.8628571429	0.7849689464	0.803100907
83	0.9245500893	0.7940337493	0.86	0.784223605	0.8003151927
84	0.9245818387	0.796519965	0.8628571429	0.7863354057	0.8052868481
85	0.9245873998	0.7932061666	0.8657142857	0.7813664616	0.8077154195
86	0.924585855	0.7930488332	0.8628571429	0.7813664616	0.8048265306
87	0.9248104788	0.7916252565	0.8685714286	0.7803726723	0.809723356
88	0.9248936278	0.7943090156	0.8628571429	0.7837267098	0.8049852608
89	0.9246045189	0.7901777369	0.8571428571	0.7797515548	0.7978514739
90	0.9211118364	0.7915888375	0.8542857143	0.7829813689	0.7965260771
91	0.9162506373	0.7898351271	0.8514285714	0.7829813689	0.7931428571
92	0.9212570898	0.7914970311	0.8514285714	0.7828571448	0.7920510204
93	0.9214507137	0.7938679786	0.8514285714	0.7847204987	0.7928548753
94	0.9264025041	0.7920352134	0.8514285714	0.7813664619	0.7919376417
95	0.9262864421	0.7941440072	0.8514285714	0.7842236046	0.7933424036
96	0.924835178	0.7907834098	0.8542857143	0.7806211201	0.7941643991
97	0.926225448	0.7903981737	0.8542857143	0.7796273315	0.7951099773
98	0.9230816771	0.7882660714	0.8571428571	0.779503108	0.795553288
99	0.922802679	0.7878085561	0.86	0.7793788841	0.7986961451
100	0.9244858865	0.7918083396	0.86	0.7834782631	0.7993945578
101	0.9230026648	0.795242396	0.8514285714	0.7891925487	0.7910113379
102	0.9239479491	0.7932394159	0.8571428571	0.7865838532	0.7940736961
103	0.922775934	0.7926786394	0.8514285714	0.7853416171	0.7899331066
104	0.9227236288	0.7933591154	0.8514285714	0.786583853	0.7903560091
105	0.9228559852	0.793798803	0.8542857143	0.7865838527	0.7937528345
106	0.9219351126	0.7930043661	0.8542857143	0.7860869581	0.7925600907
107	0.9229671723	0.7927178992	0.8542857143	0.7842236045	0.7944274376
108	0.921082279	0.79134708	0.8542857143	0.7848447223	0.7926768707
109	0.9212857054	0.7942055006	0.8485714286	0.787453418	0.7895578231
110	0.9212857441	0.7942055006	0.8514285714	0.787453418	0.7933049887
111	0.920376801	0.7938350129	0.8514285714	0.7867080766	0.7927176871
112	0.9218760372	0.7942881875	0.8571428571	0.7867080766	0.7973764172
113	0.9237350541	0.7977111249	0.8571428571	0.7911801262	0.7964750567
114	0.919670031	0.7950981488	0.8571428571	0.789689443	0.796792517
115	0.9218181087	0.7972129278	0.8571428571	0.7911801262	0.7970736961
116	0.9219895576	0.7971153767	0.8571428571	0.7906832319	0.7970736961
117	0.9220002742	0.7957343459	0.8571428571	0.7891925487	0.7971371882
118	0.9220237426	0.7982147041	0.8628571429	0.7920496916	0.8026848073
119	0.9197103943	0.7966453341	0.8628571429	0.7920496916	0.8019818594
120	0.9196867389	0.7964637486	0.8628571429	0.7920496916	0.8013072562
121	0.9198107393	0.792188198	0.8628571429	0.7863354057	0.8001564626
122	0.9175209506	0.7926034519	0.8628571429	0.7868323	0.8008571429
123	0.9174144212	0.7951611956	0.8628571429	0.7908074552	0.8008208617
124	0.919641916	0.794672672	0.8628571429	0.7895652195	0.800521542
125	0.9193185129	0.7982385877	0.86	0.7940372691	0.7985589569
126	0.9196081227	0.7967915702	0.86	0.7924223623	0.7971553288
127	0.919605344	0.7960343423	0.86	0.7910559027	0.7971609977
128	0.9196043066	0.7944721668	0.86	0.7884472071	0.7962936508
129	0.9217802782	0.7951741983	0.8571428571	0.7889441018	0.7931666667
130	0.9196150981	0.7952062838	0.8571428571	0.7898136668	0.7930294785
131	0.9201251565	0.7926295555	0.8542857143	0.7873291946	0.790930839
132	0.9201327918	0.7952715314	0.8571428571	0.7899378902	0.7926292517
133	0.9167159175	0.794701043	0.8542857143	0.7906832316	0.7910328798
134	0.9145507837	0.7941299852	0.86	0.7906832316	0.7959183673
135	0.9167137222	0.7948278254	0.8571428571	0.7906832316	0.793946712
136	0.9114341593	0.7932819896	0.8542857143	0.7906832316	0.7892857143
137	0.9198408077	0.7956581205	0.86	0.7906832316	0.7959489796
138	0.9204394626	0.794282673	0.8628571429	0.7878260891	0.79888322
139	0.9165213625	0.7914611037	0.86	0.7847204992	0.7952868481
140	0.9162149832	0.7942918573	0.8628571429	0.7895652195	0.7987585034
141	0.9165185503	0.7953108754	0.8628571429	0.7906832317	0.7981791383
142	0.916522316	0.7967504515	0.8628571429	0.7931677037	0.7985634921
143	0.9181847928	0.7974283668	0.8628571429	0.7931677037	0.7992585034
144	0.9100998668	0.7915412606	0.86	0.7890683252	0.7936632653
145	0.915062739	0.7959021641	0.86	0.7926708091	0.7961179138
146	0.9102207851	0.7959374978	0.86	0.7954037284	0.79480839
147	0.910112771	0.7944424654	0.86	0.7931677037	0.7940895692
148	0.9101368967	0.7939977943	0.86	0.7926708095	0.7944013605
149	0.9091041497	0.7937511853	0.86	0.7921739148	0.7938854875
150	0.9089939744	0.7916669473	0.86	0.7904347841	0.7934535147
151	0.909020296	0.791540515	0.86	0.7901863373	0.7930907029
152	0.9116824164	0.7925885854	0.8571428571	0.7913043498	0.7892981859
153	0.911642263	0.7885343095	0.8571428571	0.7867080763	0.7888321995
154	0.911768419	0.791107918	0.8571428571	0.7890683248	0.7896893424
155	0.9116720953	0.7914786753	0.8571428571	0.7903105606	0.7891020408
156	0.9117551859	0.7921798383	0.8571428571	0.7904347845	0.7903639456
157	0.9117491052	0.7920972788	0.8571428571	0.7908074552	0.7890068027
158	0.9117544581	0.7913759713	0.8571428571	0.7899378898	0.7898356009
159	0.9123765705	0.7920635853	0.8571428571	0.7904347845	0.7887414966
160	0.9108255743	0.7922341766	0.8571428571	0.7910559027	0.7897142857
161	0.9121984319	0.7947521116	0.8571428571	0.794161493	0.7900702948
162	0.9170733684	0.796229141	0.8571428571	0.7950310584	0.7911553288
163	0.9157169299	0.7931766282	0.8571428571	0.7913043502	0.7902369615
164	0.9112994176	0.7907569146	0.86	0.7885714309	0.7913548753
165	0.9131059457	0.7926760802	0.8571428571	0.7903105616	0.7895521542
166	0.9131277723	0.7956516376	0.8571428571	0.7950310584	0.7905782313
167	0.9140351251	0.796479153	0.8485714286	0.7950310584	0.7832664399
168	0.9131030854	0.7976553535	0.8514285714	0.7971428594	0.7864795918
169	0.9131030118	0.7980879854	0.8514285714	0.7982608719	0.7863208617
170	0.9129952457	0.7977732801	0.8514285714	0.7978882009	0.7863208617
171	0.9086705313	0.7959750904	0.8485714286	0.7977639773	0.7825306122
172	0.9081097313	0.7951126968	0.8428571429	0.7970186352	0.7771473923
173	0.9131252088	0.7980214769	0.8485714286	0.7980124241	0.7842902494
174	0.9131130931	0.7951387649	0.8542857143	0.7949068341	0.7886099773
175	0.9135201771	0.7921017414	0.8485714286	0.7910559023	0.783324263
176	0.9135603136	0.7918311454	0.8485714286	0.7908074548	0.7844671202
177	0.9135413473	0.791509338	0.8514285714	0.7909316791	0.7854036281
178	0.9135022804	0.7924068359	0.8485714286	0.7925465862	0.7837369615
179	0.9134768061	0.7891291544	0.8514285714	0.7879503127	0.7852063492
180	0.9146767471	0.7923817069	0.8542857143	0.7922981387	0.7886870748
181	0.9147007628	0.7937197126	0.8485714286	0.793788822	0.7825782313
182	0.9147238403	0.7865754494	0.8514285714	0.7845962753	0.7831814059
183	0.9146608964	0.7934065682	0.8542857143	0.7939130452	0.7875623583
184	0.9146641774	0.7891790408	0.8514285714	0.7881987595	0.7839115646
185	0.9146668577	0.792036697	0.8542857143	0.7919254677	0.7869251701
186	0.9146350252	0.7905678025	0.8571428571	0.7903105609	0.7900907029
187	0.9146318037	0.7906059444	0.86	0.7904347845	0.7929478458
188	0.9146318424	0.788580038	0.8514285714	0.7880745359	0.7860793651
189	0.9146600634	0.7898608236	0.8514285714	0.7895652191	0.7857936508
190	0.9149355989	0.7865939403	0.8514285714	0.7854658404	0.7856938776
191	0.914934288	0.7865197849	0.8485714286	0.7854658404	0.7825555556
192	0.9100283975	0.7856713205	0.8485714286	0.7855900639	0.7820748299
193	0.9100636519	0.7886903685	0.8485714286	0.789316772	0.7825748299
194	0.9100601429	0.7864293831	0.8514285714	0.7854658404	0.7840668934
195	0.9100621923	0.7891005783	0.8571428571	0.7886956539	0.7899081633
196	0.9100753839	0.7840784375	0.8571428571	0.781614908	0.7895589569
197	0.9107240346	0.7870663273	0.8514285714	0.785714287	0.784207483
198	0.9107251695	0.7875461302	0.8485714286	0.7862111813	0.7816678005
199	0.9100774101	0.7892702821	0.8514285714	0.7886956531	0.7847018141
200	0.9094734314	0.7864926088	0.8514285714	0.7862111813	0.7841462585
201	0.9094735766	0.7872835245	0.8514285714	0.7872049702	0.7843503401
202	0.9094726461	0.7853478181	0.8542857143	0.784844722	0.786069161
203	0.9094733451	0.7858064475	0.8485714286	0.7853416163	0.7819852608
204	0.9147540466	0.7886447555	0.8514285714	0.7867080759	0.7848106576
205	0.9094805899	0.7835252555	0.8514285714	0.7817391316	0.7819773243
206	0.9099822209	0.783637242	0.8571428571	0.7812422373	0.787521542
207	0.9099826376	0.7849357968	0.8571428571	0.7828571444	0.7872675737
208	0.9094718462	0.7844743239	0.8514285714	0.7828571444	0.7824104308
209	0.9153437493	0.7845489645	0.8514285714	0.7813664612	0.7829818594
210	0.9094886851	0.7818312996	0.8514285714	0.7791304362	0.7821519274
211	0.9147426391	0.788938148	0.8542857143	0.7869565234	0.7864750567
212	0.9093386787	0.7802931244	0.8485714286	0.777639753	0.7785702948
213	0.9094248559	0.786212911	0.8514285714	0.7867080763	0.7812732426
214	0.9147023267	0.7834324764	0.8485714286	0.781739132	0.779606576
215	0.9146331516	0.7868938375	0.8514285714	0.7865838523	0.7829353741
216	0.9146586549	0.7872985093	0.8485714286	0.7865838523	0.7800986395
217	0.9146586256	0.7847267488	0.8457142857	0.7824844733	0.7765113379
218	0.9147233247	0.7882783343	0.8485714286	0.7864596283	0.7800306122
219	0.9147233752	0.7884365023	0.8514285714	0.7864596283	0.7825068027
220	0.9147282107	0.7908866062	0.8514285714	0.7899378898	0.7826281179
221	0.9147863732	0.7912207276	0.8514285714	0.7904347841	0.7829138322
222	0.9147860171	0.7921643742	0.8485714286	0.7916770202	0.7804058957
223	0.9147838071	0.7884171678	0.8485714286	0.7868322995	0.7801882086
224	0.9147799822	0.7887475969	0.8514285714	0.7874534177	0.7832675737
225	0.9147349311	0.7906381371	0.8485714286	0.7900621134	0.7810170068
226	0.9146059846	0.7905048396	0.8485714286	0.7900621134	0.781239229
227	0.9146109854	0.7915924113	0.8485714286	0.7915527966	0.7807290249
228	0.9150659775	0.7919595187	0.8485714286	0.7915527966	0.7828435374
229	0.9150418148	0.7918028068	0.8514285714	0.7922981381	0.7833435374
230	0.9150142518	0.7850923048	0.8514285714	0.7836024858	0.7814353741
231	0.9146831075	0.7850542514	0.8514285714	0.7836024858	0.7816417234
232	0.914874049	0.7922986927	0.8485714286	0.7922981381	0.7808446712
233	0.9148400104	0.7889236344	0.8514285714	0.7881987591	0.7823526077
234	0.9148399432	0.7887654664	0.8457142857	0.7881987591	0.776654195
235	0.9198088875	0.790209	0.8457142857	0.7881987591	0.778899093
236	0.9205064048	0.7903510577	0.8485714286	0.7869565234	0.7822687075
237	0.9204789031	0.792692621	0.8485714286	0.7900621134	0.7834058957
238	0.9205066781	0.7936218989	0.8485714286	0.7911801259	0.7831836735
239	0.9232973756	0.7938086595	0.8485714286	0.7904347845	0.7834387755
240	0.9232954748	0.7907013809	0.8514285714	0.7864596288	0.7856643991
241	0.9229934972	0.7912878151	0.8514285714	0.7864596284	0.78511678
242	0.9229836212	0.7900438275	0.8514285714	0.7853416163	0.78511678
243	0.9212333312	0.7946806596	0.8514285714	0.791428573	0.7859501134
244	0.9212013424	0.7948081381	0.8514285714	0.7919254673	0.7851882086
245	0.9162325564	0.7939857636	0.8485714286	0.7929192563	0.7811882086
246	0.9162321491	0.7919523467	0.8485714286	0.7903105609	0.7820555556
247	0.9205674821	0.7926649427	0.8514285714	0.7903105609	0.7850011338
248	0.9249198229	0.794092745	0.8514285714	0.7903105609	0.7848786848
249	0.923362432	0.7929727578	0.8514285714	0.7896894427	0.7849501134
250	0.9202591723	0.7921750387	0.8514285714	0.7898136666	0.7845929705
251	0.9202568143	0.7905161897	0.8514285714	0.7879503127	0.7842868481
252	0.9153082341	0.7873727512	0.8485714286	0.785341617	0.7802868481
253	0.9218289822	0.7893098888	0.8485714286	0.785341617	0.7817868481
254	0.921815665	0.7894330788	0.8514285714	0.785341617	0.7846439909
255	0.9168476255	0.7897543904	0.8457142857	0.7879503127	0.7780419501
256	0.9168431472	0.7896790173	0.8485714286	0.7879503127	0.7805340136
257	0.9218130309	0.7911642332	0.8457142857	0.7879503127	0.7793514739
258	0.9218088494	0.7910097936	0.8485714286	0.7879503127	0.7815544218
259	0.9168399067	0.7900431882	0.8485714286	0.7885714305	0.7801054422
260	0.9224398392	0.7921465844	0.8485714286	0.7885714305	0.781414966
261	0.9226873899	0.7927697923	0.8485714286	0.7885714305	0.7829795918
262	0.9226861437	0.7919796872	0.8457142857	0.7875776413	0.7795623583
263	0.9226861416	0.7919796872	0.8485714286	0.7875776413	0.7821972789
264	0.9177171982	0.7905361535	0.8428571429	0.7875776413	0.7753718821
265	0.9205056325	0.787468542	0.8428571429	0.7821118029	0.7755147392
266	0.9254768777	0.7880432371	0.8457142857	0.7809937907	0.7792290249
267	0.9254768684	0.7880432371	0.8428571429	0.7809937907	0.7750340136
268	0.9254767882	0.7880432371	0.8428571429	0.7809937907	0.7761530612
269	0.9254768756	0.7863479917	0.8428571429	0.7788819893	0.7765102041
270	0.9201918401	0.7873099044	0.8428571429	0.7823602504	0.7753197279
271	0.9201918388	0.7861411783	0.8428571429	0.7809937907	0.7742641723
272	0.9229913462	0.7872729735	0.8428571429	0.7809937907	0.7764943311
273	0.9227546213	0.7868646333	0.8428571429	0.7809937907	0.774776644
274	0.9229976014	0.7875164912	0.8457142857	0.7809937907	0.7786451247
275	0.922444642	0.7882003829	0.84	0.7829813682	0.7721417234
276	0.9254826417	0.7896401659	0.8428571429	0.7829813682	0.7753877551
277	0.9226812719	0.7885421025	0.8428571429	0.7829813682	0.7760226757
278	0.922681737	0.7885421025	0.8428571429	0.7829813682	0.7763344671
279	0.9246112999	0.7886007327	0.84	0.7832298157	0.7722868481
280	0.9246076064	0.7888610156	0.84	0.7837267097	0.7715668934
281	0.9245761846	0.7888464795	0.84	0.7839751565	0.7715668934
282	0.9246078574	0.7892314211	0.84	0.7842236039	0.7719421769
283	0.9246079659	0.7900494784	0.84	0.7853416161	0.7725770975
284	0.9246079022	0.78907867	0.8428571429	0.7839751565	0.7747993197
285	0.9245830118	0.7910984011	0.84	0.7857142872	0.7723333333
286	0.9252086055	0.7926120167	0.84	0.7870807468	0.7729795918
287	0.9252095395	0.7928960276	0.84	0.7870807468	0.7736938776
288	0.9246067461	0.7911926227	0.84	0.78546584	0.7733877551
289	0.9246119026	0.7924719512	0.84	0.7870807468	0.7748004535
290	0.9246119028	0.7912588141	0.84	0.7857142872	0.7736099773
291	0.9246174927	0.7924544604	0.84	0.7875776411	0.7726575964
292	0.9246580001	0.7933411214	0.84	0.7875776411	0.7736099773
293	0.9193766402	0.7914206488	0.8371428571	0.7870807468	0.7705147392
294	0.9193775389	0.7920715459	0.8371428571	0.7875776411	0.7698809524
295	0.9193775389	0.7925484741	0.8371428571	0.788198759	0.7698809524
296	0.9193785958	0.7924471286	0.84	0.788198759	0.7724319728
297	0.9193775404	0.7924226492	0.84	0.788198759	0.7726655329
298	0.9252826937	0.7940139338	0.84	0.7875776411	0.7750578231
299	0.924658087	0.7937968019	0.8371428571	0.7875776411	0.7717086168
300	0.9246580874	0.7929709669	0.8371428571	0.7875776411	0.7702959184
301	0.9246619229	0.7955959043	0.84	0.7901863366	0.7757414966
302	0.9246599356	0.7955122247	0.84	0.7899378895	0.7757414966
303	0.9246516282	0.794500124	0.84	0.7886956536	0.775244898
304	0.9246554339	0.7952319255	0.8371428571	0.7899378895	0.7717619048
305	0.9246516261	0.794500124	0.8342857143	0.7886956536	0.7694081633
306	0.9246271165	0.7945549105	0.8371428571	0.7888198775	0.7724183673
307	0.9246240611	0.7925776918	0.8428571429	0.7859627346	0.7779399093
308	0.9246252876	0.7929671366	0.84	0.7869565236	0.7749183673
309	0.9246250416	0.792286015	0.8371428571	0.7864596289	0.7715238095
310	0.9254911318	0.7918756338	0.84	0.7840993807	0.7760895692
311	0.9248245167	0.7903123606	0.8342857143	0.7840993807	0.7686133787
312	0.9248678199	0.7924252802	0.8342857143	0.7860869582	0.7698435374
313	0.9248254384	0.7887236426	0.8342857143	0.7812422375	0.7686802721
314	0.9242068436	0.7900736004	0.8371428571	0.7840993804	0.7717278912
315	0.9242068368	0.7904386175	0.8371428571	0.7840993804	0.7714739229
316	0.9242068001	0.7901756084	0.84	0.7839751568	0.7747755102
317	0.9242064786	0.7876936075	0.84	0.7804968959	0.7737199546
318	0.9248264137	0.7875505954	0.8371428571	0.7804968959	0.7709954649
319	0.9248266341	0.7860623888	0.84	0.7790062127	0.7727675737
320	0.9248275718	0.786104071	0.8428571429	0.7790062127	0.7753707483
321	0.9242085388	0.7859819936	0.84	0.7793788832	0.7734024943
322	0.9242106553	0.790685958	0.84	0.7854658397	0.7738866213
323	0.9242106694	0.790685958	0.84	0.7854658397	0.7738866213
324	0.9242344846	0.7906840022	0.84	0.7854658397	0.7736882086
325	0.9243799878	0.7904022395	0.8428571429	0.7854658397	0.7766247166
326	0.9237836696	0.7907457178	0.84	0.7860869579	0.774085034
327	0.9237836264	0.7907457178	0.84	0.7860869579	0.7734104308
328	0.9237836572	0.7904335505	0.84	0.7857142872	0.7734104308
329	0.9237847433	0.7905173491	0.8428571429	0.7857142872	0.7766247166
330	0.9237830275	0.7888308714	0.8457142857	0.7837267097	0.7791247166
331	0.9237161461	0.7911394866	0.8428571429	0.7868322997	0.7766088435
332	0.923716452	0.7937522993	0.8485714286	0.7896894427	0.7843390023
333	0.9237189402	0.7951569358	0.8457142857	0.7922981382	0.7802358277
334	0.923718939	0.7956864508	0.8457142857	0.7922981382	0.7817596372
335	0.9237189	0.7958401304	0.8428571429	0.79304348	0.7777278912
336	0.9215449916	0.7959760869	0.8457142857	0.7934161507	0.781537415
337	0.9166171521	0.7938050751	0.8457142857	0.7922981382	0.7805170068
338	0.9165761942	0.7932085736	0.8457142857	0.7922981382	0.7795646259
339	0.9193709811	0.7941420865	0.8457142857	0.7922981382	0.7794115646
340	0.9194139332	0.7933733374	0.8457142857	0.7909316782	0.7794795918
341	0.9197246017	0.7958945062	0.8457142857	0.7936645979	0.7794795918
342	0.9197220443	0.793761485	0.8485714286	0.790807455	0.7822993197
343	0.9175050599	0.7882517159	0.8485714286	0.7839751568	0.7829104308
344	0.9175147159	0.7885350717	0.8457142857	0.7839751568	0.7795770975
345	0.9168952157	0.7910974779	0.8457142857	0.787950312	0.7800589569
346	0.9168952147	0.791478261	0.8457142857	0.787950312	0.7800226757
347	0.9175125266	0.7908420989	0.8457142857	0.7878260882	0.7805045351
348	0.9175440305	0.7910742894	0.8457142857	0.7878260882	0.7810487528
349	0.9186276587	0.7916947564	0.8457142857	0.7878260882	0.781776644
350	0.918627659	0.7916947564	0.8457142857	0.7878260882	0.7824909297
351	0.9186276857	0.7899995111	0.8485714286	0.7857142868	0.7849512472
352	0.9186047013	0.7903994932	0.8485714286	0.7857142868	0.7856462585
353	0.9185989929	0.7899991871	0.8485714286	0.7857142868	0.7848662132
354	0.9185963823	0.7897770894	0.8485714286	0.7857142868	0.7851836735
355	0.9185711826	0.7917667927	0.8485714286	0.788198759	0.784521542
356	0.9185958289	0.7897643802	0.8514285714	0.7857142868	0.7870929705
357	0.9179719699	0.788465917	0.8485714286	0.7843478272	0.7831564626
358	0.9179743791	0.7886270745	0.8485714286	0.7842236033	0.7835646259
359	0.9185947128	0.7875312101	0.8428571429	0.782857144	0.7784217687
360	0.9179743828	0.7886629746	0.8457142857	0.7842236033	0.7812789116
361	0.9187391941	0.7887082167	0.8457142857	0.7831055909	0.7807585034
362	0.9181248267	0.7885933659	0.8485714286	0.7831055909	0.7836156463
363	0.9187167545	0.7884077093	0.8428571429	0.7829813673	0.7784251701
364	0.9185721897	0.7876988487	0.8428571429	0.7831055909	0.7763696145
365	0.9185767291	0.7881577674	0.8428571429	0.7832298148	0.7767981859
366	0.9186014874	0.7881974938	0.8457142857	0.7832298148	0.7796553288
367	0.9186275336	0.790266076	0.84	0.7860869577	0.7743219955
368	0.9235976642	0.7913974425	0.84	0.7857142869	0.7758866213
369	0.9235976721	0.7917096097	0.8428571429	0.7860869577	0.7789421769
370	0.918629366	0.7902784079	0.8428571429	0.7860869577	0.7772278912
371	0.9186293663	0.7902784079	0.8371428571	0.7860869577	0.7721088435
372	0.9208093837	0.7928790957	0.8428571429	0.789068324	0.7776882086
373	0.9201853556	0.791961962	0.84	0.7874534173	0.7758503401
374	0.9203301645	0.7925278857	0.8428571429	0.7874534173	0.7794217687
375	0.9201442627	0.7905674672	0.8428571429	0.7860869577	0.7782312925
376	0.9202885206	0.7913055505	0.8428571429	0.7860869577	0.7789455782
377	0.9181211944	0.7914811759	0.8457142857	0.7874534173	0.7822789116
378	0.9181192682	0.7879648551	0.8428571429	0.7827329203	0.7788197279
379	0.9181304955	0.7904767846	0.8428571429	0.7862111811	0.7786530612
380	0.9181250769	0.7880338352	0.8485714286	0.7827329203	0.783930839
381	0.9180839753	0.7876530865	0.8428571429	0.7827329203	0.7779614512
382	0.9180284989	0.7853115187	0.84	0.7798757775	0.7744172336
383	0.9180731902	0.7881959126	0.84	0.7832298148	0.7743503401
384	0.9181142611	0.7884193195	0.8485714286	0.7832298148	0.7831848073
385	0.9182204334	0.788902602	0.8485714286	0.7832298148	0.7835873016
386	0.9182575028	0.7866141289	0.8485714286	0.7798757775	0.7836133787
387	0.9182569591	0.7865782289	0.8514285714	0.7798757775	0.7870827664
388	0.9182475842	0.7863394902	0.8457142857	0.7798757775	0.7811643991
389	0.9182528678	0.7864514081	0.8485714286	0.7798757775	0.7837154195
390	0.9182558048	0.7882673656	0.8485714286	0.7828571438	0.7840362812
391	0.9187473921	0.7871638037	0.8485714286	0.7813664606	0.7840283447
392	0.9188699006	0.7873741516	0.8485714286	0.7813664606	0.7841870748
393	0.9182454333	0.7871201531	0.8485714286	0.7813664606	0.7843401361
394	0.9182849549	0.7895386461	0.8485714286	0.7839751563	0.7850544218
395	0.9189076624	0.788068981	0.8485714286	0.7811180137	0.7848639456
396	0.9189031282	0.7880170963	0.8485714286	0.78099379	0.7851020408
397	0.9188703091	0.7876920215	0.8457142857	0.7809937898	0.7820068027
398	0.9238668089	0.7892820916	0.8457142857	0.78099379	0.7834353741
399	0.9238197981	0.7893022595	0.8457142857	0.7811180137	0.7834353741
400	0.9238445078	0.7891922894	0.8457142857	0.7809937898	0.7834353741
401	0.9238445365	0.789247473	0.8485714286	0.7809937898	0.786292517
402	0.9188743769	0.7878039393	0.8485714286	0.7809937898	0.7847278912
403	0.9188097195	0.7875629497	0.8485714286	0.7809937898	0.7846099773
404	0.9186663874	0.7895415915	0.8485714286	0.7843478271	0.784276644
405	0.9187308333	0.7874165541	0.8485714286	0.7809937898	0.7840941043
406	0.9188744791	0.7887527744	0.8514285714	0.7819875787	0.7867040816
407	0.9189045374	0.7906832275	0.8514285714	0.784472051	0.7870328798
408	0.9188536328	0.7881333645	0.8514285714	0.7811180137	0.7865498866
409	0.9188783695	0.788078578	0.8485714286	0.7809937898	0.7840102041
410	0.9182873389	0.7906233745	0.8485714286	0.784472051	0.7834501134
411	0.9182310802	0.7903549895	0.8485714286	0.784472051	0.7840736961
412	0.9182833783	0.7904827973	0.8485714286	0.784472051	0.7840736961
413	0.9182834032	0.7904827973	0.8485714286	0.784472051	0.7835022676
414	0.9182833941	0.7904109635	0.8485714286	0.784472051	0.783946712
415	0.9182422824	0.7902149134	0.8485714286	0.784472051	0.7835385488
416	0.9182370415	0.7908232564	0.8514285714	0.7853416161	0.7861099773
417	0.9182416269	0.7906308863	0.8514285714	0.7850931689	0.786776644
418	0.9182827262	0.7908987701	0.8542857143	0.7850931689	0.7895419501
419	0.9182880043	0.7912086056	0.8485714286	0.7850931689	0.784244898
420	0.918288276	0.7912410286	0.8542857143	0.7853416161	0.7888480726
421	0.918288428	0.7912410286	0.8514285714	0.7853416161	0.7872244898
422	0.9182884207	0.7912410286	0.8514285714	0.7853416161	0.7869297052
423	0.918288178	0.7910551649	0.8514285714	0.7850931689	0.7872471655
424	0.9181959174	0.7907926333	0.8514285714	0.7850931689	0.7868900227
425	0.9182609352	0.7884699261	0.8542857143	0.7817391316	0.7887630385
426	0.9182609288	0.7877941423	0.8571428571	0.7808695666	0.7916281179
427	0.9182254042	0.7896529287	0.8542857143	0.7837267094	0.7891519274
428	0.9183198591	0.7905680071	0.8542857143	0.7845962745	0.789845805
429	0.9183267089	0.7888432781	0.8514285714	0.7817391316	0.7863537415
430	0.9183267795	0.7888432781	0.8542857143	0.7817391316	0.7891791383
431	0.918232287	0.7902243009	0.8571428571	0.7838509327	0.7913344671
432	0.9183292817	0.793307311	0.8571428571	0.7879503118	0.7922267574
433	0.9183268044	0.791386754	0.8542857143	0.785590063	0.7902108844
434	0.9183116402	0.7940284181	0.8514285714	0.7889441004	0.7879693878
435	0.9183184887	0.7942222096	0.8485714286	0.7889441004	0.7853219955
436	0.9183116393	0.7940284181	0.8514285714	0.7889441004	0.7879965986
437	0.9182977066	0.7936987486	0.8542857143	0.7889441004	0.790814059
438	0.9185272402	0.7941860822	0.8485714286	0.7889441004	0.7856791383
439	0.918457477	0.793986514	0.8514285714	0.7889441004	0.7882505669
440	0.9182393804	0.7912833375	0.8542857143	0.785590063	0.7904410431
441	0.9182390158	0.7896630201	0.8542857143	0.783478262	0.7898061224
442	0.9182497185	0.7943443599	0.8542857143	0.7893167714	0.7911564626
443	0.9175200435	0.791779393	0.8542857143	0.7868322991	0.7912517007
444	0.9175214956	0.7943249054	0.8542857143	0.7901863364	0.7917108844
445	0.9175135144	0.7915680147	0.8542857143	0.7868322991	0.7910124717
446	0.9182414869	0.791871126	0.8542857143	0.7867080754	0.7905362812
447	0.9182448339	0.7922650119	0.8542857143	0.7867080754	0.7908310658
448	0.9175235305	0.7929714094	0.8542857143	0.7885714293	0.791021542
449	0.9175191159	0.7911554519	0.8514285714	0.785590063	0.7883219955
450	0.9175190479	0.7913777099	0.8571428571	0.7859627341	0.7936235828
451	0.9175223337	0.7911584602	0.8571428571	0.785590063	0.7936235828
452	0.9175191528	0.7910794559	0.8542857143	0.785590063	0.7913696145
453	0.917522468	0.7914801787	0.8542857143	0.7859627341	0.7913696145
454	0.9175164456	0.7919864454	0.8542857143	0.7870807465	0.7910521542
455	0.9175236311	0.7914801787	0.8571428571	0.7859627341	0.7937959184
456	0.91751534	0.7913810701	0.8542857143	0.7859627341	0.7907709751
457	0.9175189323	0.7945319578	0.8542857143	0.7904347838	0.7914376417
458	0.9175206227	0.7914929879	0.8542857143	0.7859627341	0.7910566893
459	0.9175228701	0.7914925805	0.8542857143	0.7859627341	0.7915328798
460	0.9175192612	0.7931724157	0.8571428571	0.7880745355	0.7936598639
461	0.9182039036	0.7953942369	0.86	0.7906832314	0.7965895692
462	0.9182038998	0.7936229956	0.8628571429	0.78857143	0.7983038549
463	0.9154141528	0.7928803678	0.86	0.78857143	0.7965895692
464	0.9154141646	0.7934727797	0.8657142857	0.7893167714	0.8008752834
